text,sentiment
El masaje de tejido profundo me dejó como nuevo.,Positivo
La limpieza en las duchas deja mucho que desear.,Negativo
"El terapeuta no dijo ni una palabra, lo cual agradezco.",Positivo
No hay suficientes toallas limpias en la zona de piscina.,Negativo
El aroma a eucalipto en el sauna es muy relajante.,Positivo
"El agua del jacuzzi estaba turbia, me dio miedo entrar.",Negativo
Me sentí un poco incómoda con la presión que ejerció la masajista.,Negativo
La clase de yoga al amanecer es una experiencia mística.,Positivo
¡Genial! El vapor del sauna no funciona y nadie avisa.,Negativo
Un lugar decente para un spa de barrio.,Neutro
La música del spa era demasiado alta para poder dormir.,Negativo
Salí del facial con la cara roja y llena de granitos.,Negativo
El personal de recepción del spa es un poco frío.,Negativo
Las instalaciones son modernas pero el ambiente es gélido.,Neutro
¡Qué delicia de exfoliación! Mi piel es seda.,Positivo
¿Relajación? Con los gritos de los niños en el pasillo es imposible.,Negativo
El vestuario es muy pequeño para tanta gente.,Negativo
"El paquete de 'Día de Spa' no incluye comida, un fallo.",Neutro
Es el mejor retiro al que he ido en diez años.,Positivo
El lodo del tratamiento olía a alcantarilla.,Negativo
La iluminación tenue crea un ambiente muy íntimo.,Positivo
Me cobraron un suplemento por el aceite que no pedí.,Negativo
El instructor de meditación tiene una voz muy calmada.,Positivo
"Demasiado cloro en la piscina, me pican los ojos.",Negativo
"Hicieron un hueco en la agenda para atenderme, muy amables.",Positivo
El té verde estaba frío cuando me lo sirvieron.,Negativo
No entiendo el concepto de bienestar de este sitio.,Neutro
El área de relax estaba llena de gente hablando por teléfono.,Negativo
"Las piedras calientes estaban quemando, casi lloro.",Negativo
El precio es justo para la calidad del servicio.,Neutro
¡Simplemente sublime! Repetiré el mes que viene.,Positivo
"Las zapatillas de cortesía son de cartón, literalmente.",Negativo
El personal sabe mucho sobre anatomía y puntos de presión.,Positivo
Un poco de moho en las esquinas del baño turco.,Negativo
El masaje duró 40 minutos en vez de los 50 pagados.,Negativo
Me quedé dormido de lo relajado que estaba.,Positivo
El tratamiento de vitamina C no hace absolutamente nada.,Negativo
"Hay que reservar con meses de antelación, muy difícil.",Neutro
La zona de hamacas es muy cómoda y silenciosa.,Positivo
Me duele más la espalda ahora que antes de entrar.,Negativo
"Qué gran idea poner incienso de sándalo, me encanta.",Positivo
La recepcionista me hizo esperar mientras hablaba con su novio.,Negativo
Un retiro espiritual que se siente como un campamento militar.,Negativo
La manicura me duró apenas dos días.,Negativo
"Todo impecable, desde la entrada hasta la salida.",Positivo
No tienen opciones de masajes para embarazadas.,Neutro
Es un lujo que uno se debe permitir de vez en cuando.,Positivo
El ruido de las obras de al lado arruinó la meditación.,Negativo
"No me gustó el aceite que usaron, era muy pegajoso.",Negativo
Salí renovado por dentro y por fuera.,Positivo
La cama era tan cómoda que no quería levantarme.,Positivo
"Encontré un pelo en la almohada, qué falta de higiene.",Negativo
El aire acondicionado gotea y hace un charco en el suelo.,Negativo
La vista desde el balcón es lo único que vale la pena.,Negativo
El personal de botones fue extremadamente servicial.,Positivo
¡Qué bien! El Wi-Fi solo funciona si sales al pasillo.,Negativo
La habitación es mucho más pequeña que en las fotos.,Negativo
Desayuno variado y con productos locales de calidad.,Positivo
"El ascensor tarda una eternidad, acabé subiendo por la escalera.",Negativo
Hotel funcional para un viaje de negocios rápido.,Neutro
El check-out a las 10:00 am es demasiado temprano.,Negativo
Nos dejaron una botella de cava por nuestro aniversario.,Positivo
"Las paredes son de papel, se oye hasta la respiración del vecino.",Negativo
"Ubicación inmejorable, cerca de todo lo importante.",Positivo
El 'minibar' estaba vacío y hacía un ruido infernal.,Negativo
Pedimos servicio de habitaciones y tardaron dos horas.,Negativo
"La decoración es de los años 70, necesita una reforma urgente.",Negativo
El agua de la ducha sale con poca presión.,Negativo
El parking es carísimo para los huéspedes del hotel.,Negativo
Me sentí muy seguro gracias a la seguridad del recinto.,Positivo
"Qué sorpresa, la habitación no estaba lista cuando llegamos.",Negativo
El recepcionista nocturno no habla ni una palabra de español.,Negativo
Las sábanas estaban impecables y olían a flores.,Positivo
El ruido de la calle no deja pegar ojo en toda la noche.,Negativo
Es un hotel con encanto pero con un servicio mediocre.,Neutro
No entiendo por qué cobran por el uso de la caja fuerte.,Negativo
"El café del desayuno es imbebible, parece agua sucia.",Negativo
La piscina de la azotea es pequeña pero tiene buenas vistas.,Positivo
El personal de limpieza es muy educado y discreto.,Positivo
¡Pánico total! Saltó la alarma de incendios a las 3 AM por error.,Negativo
Reservamos una suite y nos dieron una estándar por 'error'.,Negativo
El sofá cama es un instrumento de tortura medieval.,Negativo
"El jardín está muy bien cuidado, da gusto pasear por él.",Positivo
Me cobraron el desayuno que supuestamente estaba incluido.,Negativo
"Un sitio tranquilo, ideal para desconectar del mundo.",Positivo
"No hay rampas para sillas de ruedas, nada accesible.",Negativo
El olor a tabaco en la habitación era muy fuerte.,Negativo
"Nos permitieron hacer el check-in antes de tiempo, un detalle.",Positivo
El baño es tan pequeño que apenas puedes moverte.,Negativo
La luz de emergencia de la habitación brilla como el sol.,Negativo
"Un 10 en todo, no se puede pedir más.",Positivo
El televisor no funcionaba y nadie vino a arreglarlo.,Negativo
Se respira un ambiente muy familiar y acogedor.,Positivo
Mucho ruido en los pasillos durante la madrugada.,Negativo
El servicio de lavandería perdió mi camisa favorita.,Negativo
Las zonas comunes son amplias y luminosas.,Positivo
Es un hotel pretencioso para lo que realmente ofrece.,Negativo
El buffet se queda sin comida si vas tarde.,Negativo
Me atendieron con una sonrisa a pesar de llegar tardísimo.,Positivo
Nunca más me hospedaré en esta cadena de hoteles.,Negativo
¡Genial! Otra noche sin dormir gracias a la fiesta del bar.,Negativo
Me encanta que la 'suite de lujo' tenga vistas a un callejón con basura.,Negativo
El personal es tan eficiente que tardaron 20 minutos en darme la llave.,Negativo
¡Bravo! El 'zumo natural' venía directamente de un cartón barato.,Negativo
Me fascinó encontrar una mancha misteriosa en la alfombra.,Negativo
Qué detalle que el recepcionista no me saludara al entrar.,Negativo
Un lujo total: una toalla para tres personas.,Negativo
La calefacción funciona tan bien que tuve que dormir con abrigo.,Negativo
¡Qué rapidez! Solo tres llamadas para que me trajeran agua.,Negativo
Me encanta pagar por servicios que están 'fuera de servicio'.,Negativo
Un 'oasis de paz' si por paz entiendes vivir dentro de una obra.,Negativo
El servicio es tan personalizado que ni siquiera sabían mi nombre.,Negativo
¡Increíble! El spa estaba tan lleno que parecía el metro en hora punta.,Negativo
Gracias por la cena 'gourmet': un sándwich de jamón seco.,Negativo
El diseño es tan minimalista que se olvidaron de poner sillas.,Negativo
¡Qué suerte! El único día que llueve y el techo tiene goteras.,Negativo
Me encanta que el Wi-Fi tenga la velocidad de una tortuga cansada.,Negativo
Una experiencia 'inolvidable' por todas las razones equivocadas.,Negativo
¡Qué bien entrenados! Todos los empleados fingen que no te ven.,Negativo
El gimnasio es excelente si tu rutina consiste en mirar una pared.,Negativo
La 'piscina infinita' es infinita en su falta de mantenimiento.,Negativo
Gracias por dejarme el jabón usado del huésped anterior.,Negativo
Un concepto de hotel 'ecológico' donde no hay ni papel higiénico.,Negativo
¡Qué nivel! El camarero me tiró el café encima y ni pidió perdón.,Negativo
La cama era tan suave que me hundí hasta el suelo.,Negativo
Me fascinó la colección de polvo debajo de la cama.,Negativo
El 'aire acondicionado' es en realidad un ventilador roto.,Negativo
¡Qué oferta! Pagué por una habitación con ventana y me dieron un sótano.,Negativo
El servicio de habitaciones es tan rápido que la comida llegó fría.,Negativo
Un sitio ideal si odias la comodidad y el buen trato.,Negativo
¡Felicidades! Lograron que un día de relax fuera una pesadilla.,Negativo
Qué detalle cobrarme 5 euros por una botella de agua de 50 céntimos.,Negativo
El 'balcón privado' se comparte con el vecino de al lado.,Negativo
¡Bravo! El masaje de pies consistió en hacerme cosquillas.,Negativo
Me encanta que la tele solo tenga canales en un idioma que no hablo.,Negativo
Una limpieza impecable... si eres una araña.,Negativo
El hotel es tan rústico que no tiene ni electricidad estable.,Negativo
¡Qué sorpresa! El restaurante está cerrado 'por vacaciones' sin avisar.,Negativo
"La atención al cliente brilla por su ausencia, literalmente.",Negativo
¡Qué maravilla esperar 40 minutos por un taxi pedido por el hotel!,Negativo
"Gracias por los tapones para los oídos, los necesité por vuestra culpa.",Negativo
El 'jacuzzi' es en realidad una bañera con burbujas de juguete.,Negativo
¡Qué elegancia! El uniforme del personal está lleno de manchas.,Negativo
El check-in fue tan fluido que solo tardamos una hora.,Negativo
Me encanta el estilo 'vintage' de las alfombras comidas por la polilla.,Negativo
¡Qué gran idea poner la discoteca debajo de las habitaciones!,Negativo
El desayuno es 'continental': un café y mucha imaginación.,Negativo
Me fascinó que el personal se riera de mi queja.,Negativo
Un lugar 'encantador' si te gustan las películas de terror.,Negativo
Gracias por arruinar mi descanso de la manera más profesional posible.,Negativo
"No sé si volvería, tengo sentimientos encontrados.",Neutro
¡Ayuda! Me han robado el bolso en el lobby del hotel.,Negativo
El lugar es aceptable si no tienes expectativas altas.,Neutro
¡Fuego! Vimos salir humo de la cocina y nadie evacuaba.,Negativo
Es un hotel que cumple su función sin más pretensiones.,Neutro
¿Dónde está mi reserva? Dicen que no existo en el sistema.,Negativo
"Ni bien ni mal, simplemente un sitio para dormir.",Neutro
¡Es urgente! Mi hijo tiene alergia y la habitación tiene moho.,Negativo
La experiencia depende mucho de quién te atienda ese día.,Neutro
Se me bloqueó la puerta y llevo 20 minutos fuera en pijama.,Negativo
"El estilo es ecléctico, no es para todo el mundo.",Neutro
¡Rápido! El calentador ha explotado y sale agua por todas partes.,Negativo
Me pregunto si las reseñas positivas son reales.,Negativo
"No encuentro al personal por ninguna parte, el hotel parece vacío.",Negativo
"Las sábanas tienen un tacto extraño, no sé de qué material son.",Neutro
¡Alerta! Me han cobrado 500 euros de más en la tarjeta.,Negativo
El precio fluctuó tres veces antes de que pudiera pagar.,Negativo
Es difícil calificar este sitio con una sola palabra.,Neutro
¡Socorro! Hay un insecto gigante en mi cama.,Negativo
El horario de apertura es un poco confuso para los turistas.,Neutro
"No es lo mejor que he visto, pero he estado en sitios peores.",Neutro
¡Necesito un médico! Me he mareado en el sauna.,Negativo
"El diseño del edificio es muy confuso, es fácil perderse.",Negativo
Las opiniones en internet me engañaron totalmente.,Negativo
Se siente como si el tiempo se hubiera detenido en este lugar.,Neutro
¡Llamen a la policía! Alguien ha forzado mi caja fuerte.,Negativo
No estoy seguro de si la limpieza fue profunda o superficial.,Neutro
Es un establecimiento que requiere paciencia por parte del cliente.,Negativo
¡Emergencia! No hay agua en todo el hotel y estoy enjabonado.,Negativo
"El ambiente es... peculiar, no sabría cómo describirlo.",Neutro
El recepcionista parece que está trabajando a la fuerza.,Negativo
¡Cuidado! Las escaleras resbalan muchísimo y no hay carteles.,Negativo
Una opción razonable para presupuestos ajustados.,Positivo
No sé si recomendarlo o advertir a la gente que no venga.,Neutro
¡Qué angustia! El aire acondicionado no para de hacer un pitido.,Negativo
"Es un hotel con mucha personalidad, pero poca organización.",Neutro
¡Por favor! Que alguien traiga las llaves de mi habitación.,Negativo
La calidad ha bajado mucho desde la última vez que vine.,Negativo
No entiendo la política de mascotas del establecimiento.,Neutro
Se escuchan ruidos metálicos que vienen de las tuberías.,Negativo
La recepción está cerrada de 2 a 4 de la tarde.,Neutro
"El trato es correcto, sin grandes alardes de simpatía.",Neutro
Me falta información sobre las excursiones que ofrecen.,Neutro
El edificio necesita una mano de pintura urgentemente.,Negativo
Hay que pagar un depósito en efectivo al llegar.,Neutro
Se echa de menos un poco más de luz en los pasillos.,Negativo
La conexión a internet es inestable por las tardes.,Negativo
El recepcionista nos ignoró durante diez minutos.,Negativo
No sabría decir si me ha gustado o no la experiencia.,Neutro
El hotel se siente un poco desangelado por las noches.,Neutro
"El hotel es una maravilla visual, el diseño es impecable y la cama es la más cómoda en la que he dormido. Sin embargo, todo eso se va al traste cuando el personal de recepción te trata como si les estuvieras haciendo un favor por alojarte allí. Una pena que la falta de educación arruine una inversión tan grande en infraestructura.",Negativo
"Llegamos con muchísima ilusión por nuestro décimo aniversario. Habíamos reservado el paquete premium con pétalos de rosa y cena privada. Al llegar, no solo no tenían la habitación lista, sino que habían perdido la reserva del restaurante. Pasamos de un estado de felicidad total a un estrés y una frustración que nos arruinaron la primera noche.",Negativo
"Quiero agradecer de corazón a Marta, la terapeuta del spa. Venía pasando por una racha personal muy complicada, con mucha ansiedad, y su trato humano y la delicadeza del masaje me hicieron llorar de alivio. No es solo un negocio de bienestar, es un refugio para el alma. Gracias, gracias y mil veces gracias.",Positivo
"¡Increíble! Si te gusta esperar 20 minutos por un café, que el agua de la ducha salga marrón y que el 'aire acondicionado' sea un agujero en la pared por el que entra el ruido de la autopista, este es tu sitio. Un auténtico paraíso... para alguien que odie su propia vida y quiera sufrir en vacaciones.",Negativo
"El establecimiento es correcto. Las habitaciones están limpias, el buffet tiene lo básico (fruta, pan, huevos) y la ubicación es céntrica. No esperes grandes lujos ni un trato personalizado, pero para un viaje de trabajo donde solo vas a dormir y ducharte, cumple perfectamente con su función.",Neutro
"¡SOCORRO! Estábamos en medio del circuito de aguas cuando las luces se apagaron por completo. Nos quedamos a oscuras, en el agua, sin que nadie viniera a decirnos nada durante diez minutos eternos. Empezamos a gritar de puro pánico. Fue una situación peligrosa y negligente por parte de la gerencia.",Negativo
"Es curioso cómo venden la 'experiencia detox'. Mi experiencia consistió en pasar hambre porque las porciones eran ridículas, pasar frío porque no encendían la calefacción 'por ecología' y terminar pagando el triple de lo que cuesta un hotel de 5 estrellas de verdad. Me siento estafado con elegancia.",Negativo
"Había leído críticas terribles sobre este sitio y venía con mucho miedo, pero la verdad es que mi experiencia ha sido totalmente distinta. El check-in fue rápido, la habitación olía a limpio y el desayuno fue más que aceptable. A veces creo que la gente exagera o tiene expectativas irreales.",Positivo
"El tratamiento de piedras calientes fue... una aventura. Primero estaban frías, luego el terapeuta se tropezó y casi se le caen encima de mi cabeza, y al final terminó la sesión diez minutos antes porque 'tenía otra cita'. No sé si reír o llorar, pero relajarme, desde luego que no.",Negativo
"La ubicación es lo mejor que tiene, estás a un paso de todo. Lo malo es que el ruido de la calle es constante, pero si traes tapones se soluciona. El desayuno es caro, pero hay una cafetería justo enfrente que es genial. En resumen: tiene sus fallos, pero la zona compensa si sabes organizarte.",Neutro
Llevo tres días intentando que me traigan una manta extra. Tres días. Cada vez que llamo a recepción me dicen 'en cinco minutos sube un botones'. Es fascinante ver cómo ignoran sistemáticamente una petición tan sencilla. Me pregunto si tengo que bajar yo mismo a la lavandería a buscarla.,Negativo
Un 10 para el equipo de animación y bienestar. Mis hijos estuvieron entretenidos todo el día con actividades saludables y yo pude disfrutar del circuito termal sin preocupaciones. Es difícil encontrar un sitio que equilibre tan bien el ambiente familiar con el relax absoluto.,Positivo
"Sinceramente, no entiendo el diseño de este hotel. Tienes que subir un piso en ascensor, bajar medio tramo de escaleras y cruzar un pasillo exterior para llegar al spa. Si vas en albornoz y hace frío, te congelas. Parece que el arquitecto nunca se alojó aquí.",Negativo
La habitación olía a tabaco rancio a pesar de ser de no fumadores. Pedimos cambio y nos dijeron que estaban llenos. Nos dieron un spray ambientador que olía peor que el tabaco. Tuvimos que dormir con la ventana abierta en pleno invierno. Una gestión nefasta de un problema evitable.,Negativo
"Es la tercera vez que vengo y noto que el nivel ha bajado drásticamente. El mobiliario está desgastado, las toallas ya no son blancas sino grises y el personal parece cansado y desmotivado. Es una pena ver cómo un sitio que era excelente se deja morir por falta de mantenimiento.",Negativo
"¡Fue un desastre desde que bajamos del taxi! Nadie nos ayudó con las maletas, el lobby estaba lleno de gente gritando y el aire acondicionado de la recepción no funcionaba. Estábamos sudando, cansados y nadie nos daba una solución. Mi nivel de estrés subió a mil en cinco minutos.",Negativo
"El menú degustación de bienestar es una obra de arte. Sabores sutiles, ingredientes frescos y una presentación que da pena comerse. Se nota que hay un chef que entiende de nutrición y de placer gastronómico a partes iguales. Caro, pero vale cada céntimo.",Positivo
"Buscábamos silencio y encontramos una boda justo debajo de nuestra ventana. El hotel no nos avisó de que habría un evento con música hasta las 4 de la mañana. Si lo hubiéramos sabido, jamás habríamos reservado. Nos sentimos engañados por falta de transparencia.",Negativo
"El tratamiento facial de oro es puro marketing. No noté ninguna diferencia en mi piel, salvo que mi cartera pesaba menos al salir. El personal es amable, sí, pero el servicio en sí me parece una pérdida de tiempo y dinero.",Negativo
"Es como entrar en otra dimensión. La decoración zen, el sonido del agua de fondo y el trato susurrado del personal te transportan. Olvidas el móvil, el trabajo y las preocupaciones. Es una inversión en salud mental más que un simple alojamiento.",Positivo
"La ducha tenía moho en las juntas y la presión del agua era nula. Cuando se lo dije a la camarera de pisos, se encogió de hombros y dijo que el edificio era viejo. No creo que la edad del edificio sea excusa para la falta de lejía y mantenimiento básico.",Negativo
Vine por una recomendación y me voy con ganas de recomendarlo yo también. El circuito de saunas es completísimo y el detalle de la fruta fresca y las infusiones al finalizar es el broche de oro. Me sentí cuidada en cada detalle.,Positivo
"No entiendo cómo tienen 4 estrellas. El Wi-Fi no llega a las habitaciones, el televisor es del siglo pasado y el mando a distancia no tenía pilas. Son pequeños detalles que sumados hacen que la estancia sea incómoda y frustrante.",Negativo
¡CUIDADO! Las fotos de la web están retocadas. La piscina 'olímpica' es una alberca donde apenas caben 4 personas y el 'gimnasio de última generación' son dos mancuernas oxidadas y una cinta de correr rota. Es un timo total.,Negativo
"Llegamos tarde por un retraso en el vuelo, agotados y con hambre. El recepcionista, a pesar de que la cocina estaba cerrada, nos preparó personalmente un sándwich y nos subió una botella de agua fría. Ese tipo de gestos son los que hacen que un cliente vuelva siempre.",Positivo
"El hotel está muy bien ubicado, cerca del metro.",Positivo
Es difícil encontrar aparcamiento por la zona.,Negativo
Hay muchos restaurantes y tiendas a pocos pasos.,Positivo
"La zona es un poco ruidosa por la noche, pero soportable.",Neutro
"Está en pleno centro, puedes ir andando a todos lados.",Positivo
La parada del autobús turístico está justo en la puerta.,Positivo
"Un poco alejado del centro, pero bien comunicado.",Neutro
"La calle es muy tranquila, sin nada de ruido de tráfico.",Positivo
Cuesta un poco encontrar la entrada del hotel.,Negativo
Ubicación excelente para visitar los museos principales.,Positivo
El barrio se siente un poco inseguro de noche.,Negativo
Tuvimos que caminar unos 15 minutos para llegar al centro.,Neutro
Ideal para los que buscan estar cerca de la estación de tren.,Positivo
"Hay un supermercado justo en la esquina, muy útil.",Positivo
"Está en una cuesta muy pronunciada, difícil para personas mayores.",Negativo
La ubicación es lo mejor que tiene el hotel.,Positivo
"No es céntrico, pero el taxi es barato hasta allí.",Neutro
Muy conveniente si tienes un vuelo temprano por la mañana.,Positivo
Situado en una zona peatonal muy bonita.,Positivo
"El hotel no tiene parking propio, hay que ir a uno público.",Negativo
Rodeado de parques para salir a caminar.,Positivo
Un poco difícil llegar con el GPS la primera vez.,Neutro
Cerca de la playa pero lejos de la zona comercial.,Neutro
Está en una zona residencial muy silenciosa.,Positivo
El acceso desde la autopista es muy rápido y directo.,Positivo
La habitación era amplia y estaba muy limpia.,Positivo
El colchón era demasiado blando para mi gusto.,Negativo
"Las almohadas eran cómodas, dormimos muy bien.",Positivo
No había suficientes enchufes cerca de la cama.,Negativo
El baño era moderno y tenía una ducha estupenda.,Positivo
Se escuchaba todo lo que pasaba en la habitación de al lado.,Negativo
La calefacción funcionaba perfectamente.,Positivo
La televisión era un poco pequeña y antigua.,Negativo
Nos dieron una habitación con vistas al patio interior.,Neutro
El aire acondicionado hacía un poco de ruido al encenderse.,Negativo
Habitación luminosa con grandes ventanales.,Positivo
El armario era un poco pequeño para dos personas.,Negativo
Las toallas las cambiaban todos los días.,Positivo
La presión del agua en el baño era excelente.,Positivo
Había un olor a tubería en el baño al entrar.,Negativo
Cortinas opacas que quitaban bien la luz.,Positivo
La decoración es sencilla pero funcional.,Neutro
La nevera de la habitación no enfriaba mucho.,Negativo
La cama de matrimonio eran dos camas juntas.,Negativo
Todo estaba ordenado y en su sitio.,Positivo
Faltaba algún espejo de cuerpo entero en el cuarto.,Negativo
Habitación muy bien insonorizada.,Positivo
El secador de pelo era de poca potencia.,Negativo
Espacio suficiente para dejar las maletas abiertas.,Positivo
Mobiliario un poco desgastado por el uso.,Negativo
El personal de recepción fue muy amable en todo momento.,Positivo
El check-in fue un poco lento porque solo había una persona.,Negativo
Nos ayudaron a reservar un taxi para el aeropuerto.,Positivo
La camarera de pisos fue muy atenta con nuestras peticiones.,Positivo
No nos explicaron bien el horario del desayuno al llegar.,Negativo
"Hablan varios idiomas, lo cual facilita mucho las cosas.",Positivo
"El trato fue profesional, aunque un poco distante.",Neutro
Cualquier duda que teníamos nos la resolvían enseguida.,Positivo
Se olvidaron de traernos la cuna que pedimos por teléfono.,Negativo
Te reciben siempre con una sonrisa.,Positivo
El personal de mantenimiento solucionó rápido el problema de la luz.,Positivo
Pedimos una habitación alta y nos la dieron sin problemas.,Positivo
No fueron muy flexibles con la hora de salida.,Negativo
Nos guardaron las maletas después del check-out de forma gratuita.,Positivo
El servicio de habitaciones es rápido y eficaz.,Positivo
Un poco de falta de coordinación entre los turnos.,Negativo
Fueron muy detallistas con el pack de bienvenida.,Positivo
"El gerente salió a saludarnos, un gesto muy educado.",Positivo
Tardaron mucho en darnos las llaves de la habitación.,Negativo
Personal muy joven y con ganas de ayudar.,Positivo
La limpieza pasó por alto algunas zonas del baño.,Negativo
El servicio de desayuno es un poco caótico cuando se llena.,Negativo
Nos dieron un mapa y muchas recomendaciones locales.,Positivo
A veces es difícil encontrar a alguien en recepción.,Negativo
El trato fue inmejorable de principio a fin.,Positivo
El desayuno buffet tenía mucha variedad de fruta y bollería.,Positivo
"La piscina estaba un poco fría, pero muy limpia.",Neutro
El gimnasio es pequeño pero tiene lo necesario para entrenar.,Neutro
El Wi-Fi funcionaba bien en las zonas comunes y habitaciones.,Positivo
"El ascensor es bastante pequeño, solo caben dos personas.",Negativo
El bar del hotel tiene unos precios muy razonables.,Positivo
No hay opciones para celíacos en el desayuno.,Negativo
El lobby es muy acogedor para sentarse a leer un rato.,Positivo
La terraza tiene unas vistas espectaculares de la ciudad.,Positivo
Faltaba iluminación en los pasillos del hotel.,Negativo
El café del desayuno era de máquina y no sabía muy bien.,Negativo
Zonas comunes muy bien cuidadas y decoradas.,Positivo
La sala de reuniones es espaciosa y moderna.,Positivo
El restaurante del hotel estaba cerrado los domingos.,Negativo
"Había zumo de naranja natural, todo un detalle.",Positivo
"El spa es de pago, aunque seas cliente del hotel.",Negativo
Máquinas expendedoras con precios elevados.,Negativo
El jardín está muy bien iluminado por la noche.,Positivo
Se nota que han reformado las instalaciones recientemente.,Positivo
El suelo de la piscina resbala un poco cuando está mojado.,Negativo
Los huevos revueltos del buffet estaban un poco secos.,Negativo
Ofrecen agua y manzanas de cortesía en the lobby.,Positivo
El mobiliario del salón de desayunos es muy incómodo.,Negativo
Acceso gratuito a prensa diaria en la recepción.,Positivo
"En general, las instalaciones están a la altura de su categoría.",Positivo
"Gracias por la sauna gratuita en la habitación, el aire acondicionado no funcionó en toda la noche.",Negativo
"Si te gusta el estilo 'vintage' de los años 70 sin reformar, este es tu sitio.",Negativo
La limpieza era tan 'minimalista' que las pelusas debajo de la cama ya tenían nombre propio.,Negativo
Un detalle encantador el hilo musical de la discoteca de al lado a las 4 de la mañana.,Negativo
"Me encantó la experiencia de 'ducha de aventura': agua hirviendo o hielo, sin avisar.",Negativo
El buffet era tan exclusivo que si llegabas 15 minutos tarde ya no había comida.,Negativo
Las paredes son tan delgadas que ahora sé toda la vida privada de mis vecinos de la 302.,Negativo
"El Wi-Fi es perfecto para practicar la paciencia y la meditación, porque no carga nada.",Negativo
"Me dieron una habitación con 'vistas al mar', si por mar entiendes un charco en el callejón.",Negativo
El personal es tan relajado que parecen estar en coma profundo cuando les pides algo.,Negativo
"Excelente idea la de no poner cortinas, me encanta que toda la ciudad me vea ducharme.",Negativo
"La cama era ortopédica, si por ortopédica te refieres a dormir sobre una tabla de planchar.",Negativo
Un aplauso al arquitecto que puso el enchufe a tres metros de la cama.,Negativo
El 'gimnasio' es una oda a la antigüedad; las máquinas están listas para un museo.,Negativo
"Gracias por el jabón de cortesía, me alcanzó justo para lavarme el dedo pulgar.",Negativo
El servicio de habitaciones llegó tan rápido que para cuando trajeron la cena ya era el desayuno.,Negativo
Las sábanas tenían tantas manchas que parecían un mapa del tesoro.,Negativo
"Si quieres sentirte como en una celda de alta seguridad, este hotel es ideal.",Negativo
La piscina estaba tan limpia que tenía su propio ecosistema de ranas y algas.,Negativo
El ascensor es tan rápido que me dio tiempo a leer una novela mientras subía al tercer piso.,Negativo
"Me encantó el detalle de la alfombra pegajosa, así no me resbalo.",Negativo
El check-in fue tan ágil que solo tardamos 45 minutos en encontrar mi reserva.,Negativo
La 'terraza privada' era un balcón de 10 centímetros donde apenas cabía mi pie.,Negativo
El desayuno buffet era una dieta forzada: solo quedaba pan duro y agua.,Negativo
"Una experiencia inolvidable... por mucho que intente olvidarla, no puedo.",Negativo
¡Es inaceptable que nadie conteste al teléfono de recepción después de diez llamadas!,Negativo
Estoy atrapado en una habitación que huele a humedad y no me quieren cambiar.,Negativo
¡Un desastre total! No entiendo cómo este sitio tiene 4 estrellas.,Negativo
"He tenido que bajar yo mismo a por toallas porque nadie subía, ¡estoy harto!",Negativo
Es indignante pagar este precio por una habitación llena de cucarachas.,Negativo
¡Me siento estafado! Las fotos de la web son un engaño absoluto.,Negativo
"Viajamos con un bebé y nos dejaron sin calefacción toda la noche, ¡una vergüenza!",Negativo
"El recepcionista me gritó delante de otros huéspedes, nunca me habían tratado así.",Negativo
¡Peligro! El parking es una ratonera y rayé el coche por las malas indicaciones.,Negativo
"Llevo dos horas esperando mi habitación y sigo aquí sentado, ¡mi tiempo vale dinero!",Negativo
"La peor experiencia de mi vida, no se lo recomendaría ni a mi peor enemigo.",Negativo
"Llegamos y el hotel estaba sobrevendido, ¡nos dejaron en la calle a medianoche!",Negativo
¡Suciedad por todos lados! Me da asco incluso tocar el mando de la tele.,Negativo
Tuvimos que irnos a otro hotel a mitad de la noche porque el ruido era insportable.,Negativo
"Nadie se hace responsable del robo en mi habitación, ¡es una pesadilla!",Negativo
"Me cobraron dos veces la reserva y nadie me da una solución, ¡estoy desesperado!",Negativo
"El baño se inundó y tardaron tres horas en mandar a alguien, ¡un caos!",Negativo
¡Basta de excusas! El servicio es nefasto y el personal es un incompetente.,Negativo
Me siento humillado por el trato recibido en este establecimiento.,Negativo
Es un insulto que llamen a esto 'desayuno continental'.,Negativo
¡Cuidado! Cobran suplementos por todo sin avisar al hacer el check-in.,Negativo
"La seguridad es nula, cualquiera puede entrar a los pasillos del hotel.",Negativo
¡Horrible! El colchón tiene un hundimiento y me voy con un dolor de espalda terrible.,Negativo
No hay derecho a que nos traten así después de pagar una fortuna.,Negativo
"Si quieres arruinar tus vacaciones, reserva en este hotel.",Negativo
"Me fascinó la propuesta de 'ayuno intermitente' forzado que ofrece el hotel, ya que el buffet cerraba media hora antes de lo anunciado y el personal te miraba como si les estuvieras robando el alma si pedías un café.",Negativo
"Si lo que buscas es una experiencia de inmersión total en la vida de los demás, este es tu sitio: gracias a las paredes de papel pude enterarme de la crisis matrimonial de la 204 y de los gustos musicales, bastante cuestionables por cierto, del huésped de la 206.",Negativo
"Excelente gestión del espacio en el baño; es tan pequeño que puedes lavarte los dientes, usar el inodoro y ducharte, todo al mismo tiempo y sin moverte un centímetro. Eficiencia pura para gente con prisa.",Negativo
"Le doy cinco estrellas al equipo de limpieza por su increíble habilidad para ignorar sistemáticamente la montaña de polvo bajo la cama, creo que están intentando crear una reserva natural de ácaros protegida.",Negativo
Un aplauso al decorador por elegir esas cortinas tan finas que permiten que la luz de la farola de la calle ilumine mi habitación como si fuera un interrogatorio policial durante toda la madrugada.,Negativo
"La conexión Wi-Fi es una joya vintage; te transporta directamente a 1995, permitiéndote reflexionar sobre la vida mientras esperas diez minutos a que cargue la página principal de un periódico.",Negativo
"Qué detalle tan rústico que el agua de la ducha salga de un color amarillento durante los primeros cinco minutos, realmente te hace sentir que estás en una cabaña abandonada en el bosque y no en un hotel de ciudad.",Negativo
"Es absolutamente indignante que, tras pagar una tarifa de lujo, nos informen al llegar que la piscina y el spa están cerrados por mantenimiento, algo que casualmente olvidaron mencionar en su página web al hacer la reserva.",Negativo
"Llevo tres horas esperando en recepción con dos niños pequeños después de un vuelo de diez horas, y lo único que recibo son encogimientos de hmobros y excusas baratas sobre que el sistema informático se ha caído.",Negativo
"La situación fue límite cuando, tras avisar tres veces de que el aire acondicionado goteaba sobre la cama, la única 'solución' que nos ofrecieron fue un cubo de plástico para recoger el agua y una toalla extra.",Negativo
"No hay palabras para describir la sensación de inseguridad al ver que la puerta del balcón no cerraba bien y que cualquier persona podía acceder desde la terraza común, y la respuesta del hotel fue que 'el barrio es muy tranquilo'.",Negativo
"El olor a tubería en el pasillo de la cuarta planta era tan nauseabundo que tuvimos que poner toallas húmedas en la rendija de la puerta para poder dormir sin sentir mareos, una experiencia que no le deseo a nadie.",Negativo
"Me parece un insulto que el recepcionista me discutiera el precio de la reserva delante de otros clientes, insinuando que yo estaba mintiendo cuando tenía el comprobante impreso en mis propias manos.",Negativo
"El ruido de las obras en la habitación contigua empezó a las siete de la mañana sin previo aviso, transformando nuestro fin de semana de descanso en una tortura de martillazos y gritos de los operarios.",Negativo
"El hotel tiene un lobby que parece sacado de una película de Hollywood, pero en cuanto cruzas la puerta del ascensor, la realidad te golpea con alfombras manchadas, pasillos oscuros y un olor a tabaco rancio que se te pega a la ropa.",Negativo
"Aunque el personal del desayuno fue muy amable y trató de compensar el caos, es imposible disfrutar de una comida cuando hay veinte personas esperando por una mesa y la comida se acaba más rápido de lo que pueden reponerla.",Neutro
"La ubicación es inmejorable para visitar los museos, pero el precio que pagas por el silencio es demasiado alto, ya que la habitación que nos asignaron no tenía ni una ventana al exterior, pareciendo más un búnker que una suite.",Neutro
"Agradezco el esfuerzo de la chica de prácticas por intentar arreglar el problema del televisor, pero la falta de personal cualificado en este establecimiento es evidente y termina afectando directamente a la experiencia del huésped.",Neutro
"El colchón era sorprendentemente cómodo, pero es difícil descansar cuando el extractor del baño de la habitación de arriba suena como el motor de un avión cada vez que alguien enciende la luz.",Neutro
"Es una pena que un edificio con tanta historia y potencial esté tan mal gestionado, con detalles tan descuidados como bombillas fundidas, grifos que bailan y un servicio de habitaciones que nunca contesta al teléfono.",Negativo
"La piscina infinita es un sueño, pasamos toda la tarde ahí sin ruidos.",Positivo
"Habitación amplia, techos altos y baño moderno. Todo impecable.",Positivo
"Check-in muy ágil, ideal para quienes viajamos por trabajo y vamos con prisa.",Positivo
"Nos permitieron hacer el late check-out sin costo adicional, un gran detalle.",Positivo
"El gimnasio está muy bien equipado, mejor que en la mayoría de hoteles.",Positivo
Es un hotel boutique con mucha personalidad y un trato muy cercano.,Positivo
"Todo perfecto, desde la limpieza hasta la calidad de las sábanas.",Positivo
Un oasis de paz en medio del bullicio de la gran ciudad.,Positivo
"Excelente wifi, pude trabajar y hacer videollamadas sin cortes desde el cuarto.",Positivo
"El restaurante del hotel me sorprendió gratamente, cena de autor deliciosa.",Positivo
"Fuimos con nuestra mascota y la trataron como a una reina, ¡mil gracias!",Positivo
Instalaciones de lujo y una atención al cliente que roza la perfección.,Positivo
El jardín interior es precioso para desayunar tranquilamente al sol.,Positivo
"Ducha con mucha presión y agua caliente instantánea, muy reconfortante.",Positivo
Seguridad 24 horas y personal que te hace sentir seguro en todo momento.,Positivo
"Mejor de lo que esperaba por las fotos, la realidad supera a la web.",Positivo
"Silencioso, elegante y con un servicio de habitaciones rápido y eficiente.",Positivo
"La decoración navideña del hotel era mágica, cuidaron cada detalle.",Positivo
"Un acierto total para nuestro aniversario, nos pusieron pétalos en la cama.",Positivo
"El aire acondicionado es silencioso, algo fundamental para mí.",Positivo
"Ambiente familiar y acogedor, los niños se divirtieron mucho en el club infantil.",Positivo
"Toallas suaves y esponjosas, parece una tontería pero se agradece mucho.",Positivo
"El minibar tenía precios razonables, algo poco común hoy en día.",Positivo
"Ubicación de 10, puedes ir caminando a los principales museos.",Positivo
"Todo el personal habla inglés perfecto, facilitó mucho las gestiones.",Positivo
El hotel es bonito pero el desayuno me pareció excesivamente caro.,Neutro
La habitación era cómoda aunque se escuchaba el ascensor toda la noche.,Neutro
"Buena ubicación, pero el barrio es un poco ruidoso los fines de semana.",Neutro
"Personal amable, pero el proceso de check-in fue desesperadamente lento.",Neutro
"Limpio y correcto, pero las fotos hacían parecer la habitación más grande.",Neutro
El spa es pequeño para la cantidad de huéspedes que tiene el hotel.,Neutro
"Cama confortable, pero las toallas estaban un poco ásperas.",Neutro
"Buen wifi en el lobby, pero en las habitaciones de las esquinas no llega.",Neutro
"Hotel clásico y bien cuidado, pero necesita una renovación en los baños.",Neutro
"Ideal para una noche de paso, pero no para una estancia larga.",Neutro
"El personal del bar fue algo seco, aunque el resto fue muy atento.",Neutro
"Desayuno variado, pero el café era de máquina y sabía a quemado.",Neutro
"Hay parking, pero las plazas son tan estrechas que casi no puedo salir.",Neutro
Vistas bonitas pero el balcón estaba sucio con excrementos de paloma.,Neutro
"Piscina espectacular, pero el agua estaba demasiado fría para ser climatizada.",Neutro
"Te cobran por el agua de cortesía después del primer día, detalle feo.",Neutro
Habitación moderna pero le faltaban enchufes cerca de la mesita de noche.,Neutro
"Cumple su función, pero por este precio hay opciones mejores cerca.",Neutro
"El aire acondicionado funcionaba bien, pero la luz del panel era molesta.",Neutro
"Bien para negocios, muy impersonal para un viaje en pareja.",Neutro
"Televisión grande pero solo con canales locales, nada de streaming.",Neutro
"Mobiliario un poco desgastado, pero la limpieza era muy buena.",Neutro
"Me dieron una habitación para minusválidos sin pedirla, el baño era raro.",Neutro
"Cerca de la estación, pero la zona se siente algo insegura de noche.",Neutro
"El personal de limpieza entra sin llamar a veces, un poco incómodo.",Neutro
"Una pesadilla, no pegamos ojo por los gritos en el pasillo.",Negativo
El aire acondicionado no funcionaba a 40 grados y no nos dieron solución.,Negativo
"Había pelos en el desagüe de la ducha cuando llegamos, asqueroso.",Negativo
Publicitan gimnasio y es una habitación con una bici estática oxidada.,Negativo
Me robaron dinero de la maleta y el hotel no se hizo responsable.,Negativo
"Gracias por la 'experiencia histórica', el colchón debía ser de la época de Colón.",Negativo
"Sarcasmo aparte, la 'vista al jardín' era en realidad una vista a los cubos de basura.",Negativo
¡Indignante! Reservamos cama doble y nos dieron dos pequeñas unidas.,Negativo
El olor a humedad en la alfombra era tan fuerte que me dio alergia.,Negativo
El personal de recepción fue extremadamente grosero y prepotente.,Negativo
"Un búnker sin ventanas, claustrofóbico y mal iluminado.",Negativo
"¡No vengan aquí! Es una estafa, las fotos están retocadísimas.",Negativo
"Tardaron 40 minutos en traerme una manta, servicio nefasto.",Negativo
La 'piscina climatizada' estaba más fría que el mar en invierno.,Negativo
Desayuno con pan duro y fruta que parecía de la semana pasada.,Negativo
"Paredes de papel, escuché la alarma del vecino como si fuera la mía.",Negativo
El baño se inundó y me dijeron que no tenían más habitaciones libres.,Negativo
Cobrar 25 euros por un parking que es un descampado es un robo.,Negativo
Llegamos a las 4 PM y la habitación aún no estaba lista. ¡Vergonzoso!,Negativo
"Si quieres arruinar tus vacaciones y perder tu dinero, este es tu hotel.",Negativo
"Había hormigas en la mesita de noche, una falta de higiene total.",Negativo
"Me encantó ducharme con agua fría en pleno enero, muy refrescante (notese la ironía).",Negativo
El wifi es tan lento que tardé una hora en cargar un mapa.,Negativo
El mando de la tele no tenía pilas y la luz del pasillo parpadeaba.,Negativo
Pedimos una cuna y nos trajeron un trasto sucio y desvencijado.,Negativo
El recepcionista de la noche estaba durmiendo y le molestó que llegara.,Negativo
"Un 4 estrellas que no llega ni a hostal de carretera, decepción total.",Negativo
"Ascensores estropeados y nos alojaron en la planta 6, ¡increíble!",Negativo
"Todo el hotel huele a tabaco rancio, a pesar de ser de no fumadores.",Negativo
Reservé con desayuno incluido y al llegar me dijeron que no constaba.,Negativo
"El hotel tiene una decoración exquisita y el lobby te deja con la boca abierta, pero esa magia desaparece en cuanto entras a los pasillos oscuros que huelen a humedad y ves que las habitaciones no han sido renovadas en décadas.",Negativo
"Sinceramente, no entiendo las críticas positivas; quizás tuvimos mala suerte, pero encontrarnos la papelera del baño sin vaciar y tener que pedir tres veces que nos trajeran jabón no me parece propio de un hotel de este nivel.",Negativo
"Me gustaría destacar la labor de los camareros del restaurante, que a pesar de estar claramente bajo mínimos de personal, mantuvieron la sonrisa y trataron de atendernos lo mejor posible en medio del caos del sábado noche.",Positivo
"Es frustrante que vendan un paquete de 'romance' que incluye una botella de cava y luego tengas que llamar tú para que te la traigan porque se les ha olvidado, rompiendo totalmente el momento de la sorpresa.",Negativo
Lo que más me dolió fue la indiferencia de la dirección cuando les mostramos las picaduras de chinches; nos trataron como si quisiéramos aprovecharnos de la situación en lugar de pedir disculpas reales.,Negativo
"Para ser un hotel de negocios, el hecho de que no haya una mesa de escritorio adecuada y que el enchufe más cercano a la cama esté detrás del armario es un error de diseño imperdonable en los tiempos que corren.",Negativo
"A pesar de que el edificio es una joya arquitectónica y las vistas son impresionantes, el ruido constante de las tuberías y el crujido del suelo de madera hacen que sea imposible conciliar el sueño si tienes el sueño ligero.",Negativo
"El desayuno buffet es un campo de batalla; mesas sin limpiar, falta de cubiertos y una cola de quince minutos para la cafetera. Si buscas un inicio de día relajado, mejor desayuna en la cafetería de la esquina.",Negativo
"Nos encantó la flexibilidad del hotel para guardar nuestras maletas durante todo el día después del check-out, permitiéndonos disfrutar de la ciudad sin cargas antes de ir al aeropuerto por la noche.",Positivo
"Un hotel con luces y sombras: la ubicación es de 10 y el personal de limpieza es muy eficiente, pero la falta de mantenimiento en zonas comunes como la piscina desluce mucho el conjunto final.",Neutro
El concepto de 'open bar' por la tarde es un detalle de categoría.,Positivo
La insonorización es increíble; estás en plena calle principal y no oyes ni un claxon.,Positivo
"Nos dieron un kit para el perro con camita y cuenco, ¡qué detalle!",Positivo
El suelo radiante del baño es lo mejor que he probado en invierno.,Positivo
"Un 10 para el servicio de aparcacoches, fueron súper rápidos.",Positivo
"La estética industrial del hotel me fascinó, muy neoyorquina.",Positivo
"El desayuno tiene zumo de naranja natural exprimido al momento, se agradece.",Positivo
"Camas balinesas en la piscina gratuitas para los huéspedes, un lujo.",Positivo
Me olvidé el cargador y en recepción me prestaron uno sin problemas.,Positivo
"La presión del agua en la ducha es casi un masaje, salí renovado.",Positivo
"Habitaciones con domótica muy fácil de usar, todo desde una tablet.",Positivo
El personal de seguridad es muy amable y te ayuda con las direcciones.,Positivo
"Desayuno en la habitación sin cargo extra, un placer de domingo.",Positivo
"La ubicación para ir de compras es imbatible, sales y tienes todas las tiendas.",Positivo
"Hotel boutique con encanto, se respira paz en cada rincón.",Positivo
"El olor del gel de baño es adictivo, ¿saben dónde se puede comprar?",Positivo
"Techo altísimo y ventanales enormes, mucha luz natural.",Positivo
El check-out a las 12:00 es genial para no ir corriendo por la mañana.,Positivo
"Todo el hotel es accesible para silla de ruedas, muy bien pensado.",Positivo
El pianista del bar crea una atmósfera mágica por las noches.,Positivo
Cafetera Nespresso en el cuarto con reposición diaria de cápsulas.,Positivo
La terraza tiene una de las mejores puestas de sol que he visto nunca.,Positivo
"Limpieza de diez, pasaron incluso por la tarde a repasar las toallas.",Positivo
El personal de animación es muy divertido sin llegar a ser pesado.,Positivo
Ideal si buscas algo moderno y funcional a buen precio.,Positivo
"Me encantó la biblioteca del hall, un sitio precioso para leer.",Positivo
"Muy cerca del aeropuerto, el transfer gratuito pasó cada 15 minutos.",Positivo
El minibar es gratuito y lo reponen cada día con refrescos y snacks.,Positivo
"Dormí 9 horas del tirón, el colchón es pura nube.",Positivo
"Un trato exquisito, nos sentimos como en casa desde que cruzamos la puerta.",Positivo
"La comida del buffet cambia cada día, nunca te aburres.",Positivo
"Baño con bañera hidromasaje, un sueño para terminar el día.",Positivo
El equipo de eventos organizó nuestra boda de forma impecable.,Positivo
"Todo nuevo, se nota que acaban de inaugurar o reformar.",Positivo
"Las sábanas de algodón egipcio son de otro mundo, suavidad máxima.",Positivo
"El hotel es precioso, pero la cuesta para llegar a pie es criminal.",Neutro
"Buen servicio, aunque tardaron una eternidad en darnos la factura.",Neutro
La piscina es más pequeña de lo que parece en el gran angular de la web.,Neutro
Habitación muy limpia pero el armario era diminuto para dos personas.,Neutro
"El personal es joven y con ganas, pero les falta un poco de experiencia.",Neutro
"Cerca de todo, pero es imposible aparcar si no pagas el parking del hotel.",Neutro
"Desayuno aceptable, pero los huevos revueltos estaban muy secos.",Neutro
"El diseño es minimalista, tanto que no había ni un cajón para la ropa.",Neutro
Buena televisión pero el mando no funcionaba y tuve que bajar a recepción.,Neutro
"El spa está bien, aunque te obligan a comprar su gorro por 5 euros.",Neutro
"Wifi decente en el escritorio, pero en la cama la señal se pierde.",Neutro
"Habitación bien insonorizada de la calle, pero se oye el pasillo.",Neutro
"El café del desayuno es excelente, pero la bollería es industrial.",Neutro
Me dieron una habitación cerca del ascensor y el 'ding' es constante.,Neutro
"Hotel de paso correcto, pero no para un viaje romántico.",Neutro
La luz de emergencia sobre la puerta brilla demasiado de noche.,Neutro
"El personal de recepción fue amable, el del restaurante muy tosco.",Neutro
Mucho estilo pero poca practicidad: el lavabo era plano y salpicaba todo.,Neutro
"Está en una zona tranquila, pero necesitas coche para todo.",Neutro
"El gimnasio solo abre de 9 a 20, horario muy corto para ejecutivos.",Neutro
"Te dan una sola llave por habitación, un poco incómodo si sois dos.",Neutro
"Buena temperatura en el cuarto, pero el termostato es confuso.",Neutro
"La decoración es un poco fría, parece más un hospital que un hotel.",Neutro
Ofrecen tour gratuito pero luego te presionan para dejar propina alta.,Neutro
"El jabón es 3 en 1 de pared, esperaba botes individuales por este precio.",Neutro
La 'experiencia zen' fue escuchar los gritos de los niños en el pasillo a las 7 AM.,Negativo
Había una mancha sospechosa en el cubrecolchón. No quise ni saber qué era.,Negativo
Gracias por la lección de geología: la cama era literalmente una piedra.,Negativo
¡Inaudito! Entraron en mi habitación mientras estaba en la ducha.,Negativo
El aire acondicionado goteaba y me dijeron que pusiera una papelera debajo.,Negativo
Un olor a tabaco rancio que se te queda impregnado en el pelo.,Negativo
El desayuno buffet era una competición por el último trozo de pan.,Negativo
Publicitan parking y es un callejón sin vigilancia a dos manzanas.,Negativo
La cortina de la ducha tenía moho negro en la parte inferior. Asco.,Negativo
El recepcionista estaba más pendiente de su móvil que de mi check-in.,Negativo
"No hay agua caliente por las mañanas, dicen que es por la 'alta demanda'.",Negativo
¡Un timo! El spa es de pago y no lo avisan en ninguna parte al reservar.,Negativo
La tele es del siglo pasado y solo se ven tres canales con nieve.,Negativo
Me cobraron el minibar que ni siquiera abrí. Una lucha para que devuelvan el dinero.,Negativo
La 'terraza privada' es un trozo de hormigón compartido con la habitación de al lado.,Negativo
Paredes tan finas que mi vecino estornudó y yo le dije 'salud'.,Negativo
Cucarachas en el pasillo. La respuesta del hotel: 'es normal por el calor'.,Negativo
Reservé cama de matrimonio y me dieron dos camas con un hueco en medio.,Negativo
El secador de pelo se quemó a los dos minutos de encenderlo. Peligroso.,Negativo
El hotel está en obras y no avisaron. Ruido de taladros desde temprano.,Negativo
"Si te gusta dormir en un horno, ven aquí, la calefacción no se puede apagar.",Negativo
Hice el check-in online para ahorrar tiempo y tardé más que los que no lo hicieron.,Negativo
El zumo de naranja es agua con polvos color naranja. Un insulto.,Negativo
Sábanas rotas y con agujeros. ¿En serio esto es un 4 estrellas?,Negativo
El 'vistas a la ciudad' era una vista directa a un muro de ladrillos.,Negativo
Pedí una habitación tranquila y me pusieron encima de la cocina.,Negativo
Me ignoraron en el bar durante 20 minutos mientras los camareros charlaban.,Negativo
Tuvimos que pagar por las toallas de la piscina. Detalle muy cutre.,Negativo
El ascensor se quedó bloqueado conmigo dentro y tardaron media hora en sacarme.,Negativo
No volvería ni aunque me pagaran. Gestión desastrosa y falta de higiene.,Negativo
"Es inadmisible que después de confirmar por teléfono que el parking estaba incluido, al llegar me digan que tengo que buscarme la vida porque no hay plazas libres, y encima el recepcionista me conteste de malas formas.",Negativo
"La situación fue surrealista: el inodoro se desbordó a las dos de la mañana, inundando media habitación, y nos dijeron que no nos podían cambiar de cuarto porque estaban llenos, ¡tuvimos que limpiar nosotros!",Negativo
Me siento totalmente estafado porque las fotos de la página web deben de tener 20 años o están hechas con Photoshop; el hotel está que se cae a pedazos y huele a humedad en cada esquina.,Negativo
"Viajaba por una emergencia familiar y necesitaba descansar, pero entre el camión de la basura que pasa a las 4 AM y la gente dando portazos, ha sido la peor noche de mi vida, me voy más cansado de lo que vine.",Negativo
"Es increíble que un hotel de esta categoría no tenga un generador; se fue la luz en todo el barrio y nos dejaron a oscuras, sin agua y sin ninguna explicación durante seis horas.",Negativo
Lo que empezó como un fin de semana romántico terminó con nosotros pidiendo una hoja de reclamaciones porque el personal de limpieza tiró a la basura una bolsa con compras personales pensando que era desperdicio.,Negativo
"El buffet del desayuno es un peligro sanitario: moscas sobre la fruta, leche tibia y el personal manipulando la comida sin guantes ni cuidado. Se me quitaron las ganas de comer nada más entrar.",Negativo
"No entiendo cómo pueden dormir tranquilos cobrando 200 euros la noche por una habitación donde no funciona ni el wifi, ni el teléfono para llamar a recepción, ni la cerradura electrónica de la puerta.",Negativo
"Tuvimos que irnos a otro hotel a las once de la noche porque el aire acondicionado empezó a soltar un humo negro y un olor a quemado que hacía imposible respirar, y nadie nos pidió ni perdón.",Negativo
Una auténtica falta de respeto al cliente: reservamos con meses de antelación y al llegar nos dijeron que nuestra habitación se la habían dado a otro grupo y que nos mandaban a un hostal cercano de mucha menor categoría.,Negativo
"La domótica de la habitación es de otro planeta; luces, persianas y clima se ajustan con un susurro.",Positivo
El purificador de aire con filtro HEPA en el cuarto es un detalle de salud que se agradece muchísimo.,Positivo
"Desayuno de autor con huevos benedictinos sobre cama de aguacate orgánico, simplemente exquisito.",Positivo
Insonorización técnica impecable: a milímetros de la Gran Vía y el silencio es absoluto.,Positivo
"El kit de bienvenida para mi perro incluía una cama de viscoelástica y snacks premium, un puntazo.",Positivo
"Mobiliario diseñado por arquitectos de renombre, se respira un lujo contemporáneo soberbio.",Positivo
Ducha de cromoterapia y presión regulable que te deja como nuevo después de un vuelo largo.,Positivo
La sostenibilidad no es solo un cartel; sistema de aguas grises y cero plásticos de un solo uso.,Positivo
"Smart mirror en el baño con noticias y tiempo mientras te afeitas, ¡qué nivel de detalle!",Positivo
El rooftop tiene una carta de coctelería molecular que es una auténtica locura sensorial.,Positivo
Trato personalizado de guante blanco; sabían mi nombre y mis preferencias desde el minuto uno.,Positivo
"Camas con sábanas de 1000 hilos de algodón egipcio, dormir aquí es como flotar en una nube.",Positivo
"Carga inalámbrica en todas las mesitas de noche y enchufes USB-C por doquier, muy funcional.",Positivo
El jardín vertical del lobby crea un microclima de paz en medio del caos urbano.,Positivo
"Gimnasio con máquinas Peloton y zona de yoga con vistas a la catedral, de primera.",Positivo
Servicio de mayordomía digital vía WhatsApp rápido y extremadamente eficiente.,Positivo
"Cafetera de cápsulas artesanales y minibar con productos de km cero, una delicia.",Positivo
Toallas de alto gramaje que te abrazan después de un baño en la piscina climatizada.,Positivo
La biblioteca del hotel es un refugio cultural con ediciones raras y un olor a papel antiguo mágico.,Positivo
"Wifi 6 con velocidades de vértigo, ideal para nómadas digitales que no podemos permitirnos cortes.",Positivo
"Piscina de sal con hilo musical subacuático, una experiencia de relax sobresaliente.",Positivo
Menú de almohadas con 6 opciones distintas para garantizar un descanso a medida.,Positivo
"Iluminación circadiana que ayuda a mitigar el jet lag de forma natural, pura ciencia aplicada.",Positivo
"Check-in facial súper ágil, en menos de un minuto estaba ya camino a mi suite.",Positivo
"El parking incluye cargadores Tesla de carga rápida sin coste adicional, un lujo necesario.",Positivo
Personal políglota con una cultura exquisita que te recomienda joyas ocultas de la ciudad.,Positivo
Amenities de marca nicho con fragancias de aceites esenciales que son adictivas.,Positivo
El concepto de 'open bar' de meriendas saludables es un detalle de categoría superior.,Positivo
"Suite con techos de 4 metros y ventanales motorizados, amplitud y luz que enamoran.",Positivo
Un oasis moderno que redefine el concepto de hospitalidad de lujo en el siglo XXI.,Positivo
"La estética del hotel es rompedora, pero la funcionalidad del baño deja algo que desear.",Neutro
"Desayuno variado y de calidad, aunque el servicio de café fue un poco atropellado por la afluencia.",Neutro
"Ubicación inmejorable en pleno centro, pero el ruido nocturno del barrio es una maza constante.",Neutro
"Habitación amplia y moderna, si bien el colchón me pareció un pelín más duro de lo habitual.",Neutro
"Personal de recepción encantador, pero el proceso de facturación final fue algo lento.",Neutro
"El spa es una maravilla arquitectónica, aunque el aforo limitado hace que sea difícil disfrutarlo.",Neutro
"Precios competitivos para la zona, a pesar de que las dimensiones del gimnasio son reducidas.",Neutro
"Vistas espectaculares desde el balcón, pero la limpieza de los cristales podría mejorar.",Neutro
"Cena en el restaurante deliciosa, aunque las raciones me parecieron de poca monta para el precio.",Neutro
"Edificio con mucha historia y encanto, sin embargo los ascensores son algo pequeños y lentos.",Neutro
"Wifi gratuito de buena velocidad, pero la cobertura en la planta 4 era bastante errática.",Neutro
"Amenities de lujo en el baño, pero el dispensador de la ducha estaba encasquillado.",Neutro
"Ambiente tranquilo y sofisticado, aunque la iluminación de los pasillo es algo lúgubre.",Neutro
"Late check-out concedido, pero nos llamaron dos veces de limpieza antes de la hora acordada.",Neutro
"La piscina tiene un diseño increíble, pero el agua estaba tirando a fría para ser climatizada.",Neutro
"Cerca de los principales museos, pero la zona es algo impersonal y falta de comercios locales.",Neutro
"El diseño de la suite es minimalista y elegante, aunque faltan huecos para dejar la maleta.",Neutro
"Cafetera en la habitación de gran marca, pero solo te dejan dos cápsulas de cortesía.",Neutro
"Mucho personal disponible, pero a veces se siente que el trato es un poco guionizado.",Neutro
"Toallas suaves y esponjosas, aunque el tamaño me resultó algo pequeño para un 5 estrellas.",Neutro
"Ideal para viajes de negocios, pero falto de calidez para una escapada romántica en pareja.",Neutro
"Buena presión de agua, pero el ajuste de la temperatura era una lucha de extremos.",Neutro
"El parking es seguro y amplio, pero el acceso desde la calle es un laberinto confuso.",Neutro
"Televisión de gran formato, pero el sistema de canales internacionales era muy limitado.",Neutro
"Decoración vanguardista en zonas comunes, si bien las habitaciones tiran a clásicas y sobrias.",Neutro
"Servicio de habitaciones rápido, pero el menú es algo corto y sin opciones saludables.",Neutro
Lado positivo: el trato del personal; lado negativo: el mantenimiento de las ventanas.,Neutro
"Correcto para una noche de escala, pero no le pidas mucho más en cuanto a servicios.",Neutro
"Se nota el esfuerzo por ser sostenibles, aunque todavía usan botellas de plástico en el bar.",Neutro
"Buen aislamiento térmico en invierno, pero el panel del aire acondicionado hace un ruido seco.",Neutro
"Increíble 'piscina climatizada', ideal si quieres entrenar para una expedición al Ártico.",Negativo
"Gracias por la 'sinfonía urbana' de martillazos a las 8 de la mañana en el pasillo, muy zen.",Negativo
La 'vista panorámica' incluía un primer plano inolvidable de la caldera de la comunidad vecina.,Negativo
Excelente concepto de 'minibar minimalista': una botella de agua tibia y mucho aire acondicionado.,Negativo
"Me encantó el detalle de la 'alfombra con historia', parece que guarda manchas de la Expo del 92.",Negativo
Un 10 al servicio de habitaciones por su paciencia; esperé dos horas para una manta y nunca llegó.,Negativo
La 'conexión wifi de alta velocidad' me permitió viajar al pasado y recordar los tiempos del módem.,Negativo
Elegante búnker sin ventanas donde puedes perder la noción del tiempo y de la salud mental.,Negativo
Maravillosa habitación 'vintage' donde el moho de las esquinas es ya un elemento decorativo.,Negativo
Gracias por cobrarme 20 euros por el parking; por ese precio esperaba que me lavaran el coche.,Negativo
El personal es tan discreto que el botones estuvo pegado a su móvil ignorándome por completo.,Negativo
La cerradura electrónica es tan segura que ni con mi propia tarjeta pude entrar en tres intentos.,Negativo
Ducha con efecto 'sorpresa': hoy te quemas y mañana te hielas en cuestión de segundos.,Negativo
El buffet es un ejercicio de supervivencia: o llegas el primero o te alimentas de pan duro.,Negativo
"Qué lujo de 'toallas exfoliantes', raspan tanto que me he ahorrado ir al dermatólogo.",Negativo
"Si te gusta el riesgo, las escaleras del hotel tienen peldaños que bailan un tango al pisarlas.",Negativo
La insonorización es tan buena que escuché perfectamente el estornudo del huésped de al lado.,Negativo
Gracias por el 'aire acondicionado ecológico' (o eso dicen porque no encendía ni a tiros).,Negativo
El 'servicio de té' consistía en un hervidor con cal y dos sobres de azúcar de hace una década.,Negativo
El jardín es un cementerio de plantas secas que inspira una melancolía literaria profunda.,Negativo
Qué innovador no poner jabón en el baño; debe ser por la nueva tendencia de 'lavado con agua sola'.,Negativo
La cama era tan 'firme' que creo que dormí encima de un bloque de hormigón con sábanas.,Negativo
"Un hotel de 4 estrellas con categoría de pensión de carretera, pero con precios de palacio real.",Negativo
Gracias por la 'experiencia detox' de no tener wifi ni cobertura en toda la maldita estancia.,Negativo
"El recepcionista de noche es un maestro del suspense; te mira, calla y sigue durmiendo.",Negativo
Me robaron el portátil de la habitación y la respuesta del hotel fue que 'el seguro no cubre descuidos'.,Negativo
Inundación total por una tubería rota a las 3 AM y nos dejaron en el lobby sin ropa de abrigo.,Negativo
Encontré una cucaracha en la almohada y me dijeron que era normal por ser una zona costera. Indignante.,Negativo
El recepcionista me gritó delante de otros clientes por pedir un cambio de habitación. Una humillación.,Negativo
Nos vendieron una habitación que ya estaba ocupada; entramos y había gente durmiendo. Un fallo de seguridad crítico.,Negativo
Fuerte olor a gas en el pasillo y nadie de mantenimiento aparecía. Tuvimos que llamar a los bomberos nosotros.,Negativo
Higiene nula: sábanas con manchas de sangre seca y paredes con moho negro. Me fui a los diez minutos.,Negativo
Se fue la luz y el sistema de emergencia no funcionó; atrapado en el ascensor 40 minutos en la oscuridad.,Negativo
"Trato grosero, prepotente y hasta racista por parte del personal de seguridad. Una experiencia nefasta.",Negativo
Sobreventa total; nos mandaron a un hostal mugriento a 10 km después de tener una reserva pagada hace meses.,Negativo
El techo del baño se desplomó mientras mi hijo se duchaba. De milagro no hubo una desgracia.,Negativo
Intoxicación alimentaria tras el buffet del desayuno; tres de nosotros terminamos en urgencias.,Negativo
La puerta de la habitación no cerraba bien y el hotel se negó a arreglarla 'porque era domingo'.,Negativo
"Si valoras tu seguridad y tu dinero, aléjate de esta estafa de hotel. Gestión peligrosa y delictiva.",Negativo
Me cargaron tres veces el importe de la estancia y me dicen que 'el jefe no está' para devolverlo.,Negativo
"Un hotel de sueño, el servicio fue impecable de principio a fin.",Positivo
"La cama más cómoda en la que he dormido nunca, ¡un 10!",Positivo
"Ubicación perfecta y personal encantador, volveremos seguro.",Positivo
"Todo brillante: limpieza, comida y trato. Totalmente recomendable.",Positivo
"Un oasis de paz, las instalaciones son modernas y de lujo.",Positivo
"Desayuno buffet exquisito, muchísima variedad y todo fresco.",Positivo
"El equipo de recepción es súper eficiente, check-in en 2 minutos.",Positivo
Vistas espectaculares que valen cada céntimo que pagas.,Positivo
"Habitación amplia, luminosa y con un diseño precioso.",Positivo
Excelente relación calidad-precio en pleno centro histórico.,Positivo
"La piscina infinita es una maravilla, muy bien cuidada.",Positivo
"El personal se desvive por ayudarte, trato muy humano.",Positivo
"Todo impecable, la limpieza es de otro planeta.",Positivo
"Wifi rápido y estable, ideal para nómadas digitales.",Positivo
"Regalo de bienvenida y nota escrita a mano, detalles que enamoran.",Positivo
"Una decepción absoluta, suciedad por todas partes.",Negativo
El personal fue grosero y maleducado desde que llegamos.,Negativo
"Habitación minúscula y oscura, parecía una celda.",Negativo
"Ruido insoportable toda la noche, no pudimos pegar ojo.",Negativo
"Huele a tabaco rancio y humedad, una experiencia asquerosa.",Negativo
El buffet es una estafa: comida fría y de mala calidad.,Negativo
"Instalaciones viejas y descuidadas, nada que ver con las fotos.",Negativo
Pagué por una suite y me dieron una habitación estándar.,Negativo
El baño perdía agua y el suelo estaba siempre empapado.,Negativo
"Pésima gestión, perdieron mi reserva y no me dieron solución.",Negativo
"Aire acondicionado roto en plena ola de calor, un infierno.",Negativo
"Seguridad nula, cualquiera entra y sale como si nada.",Negativo
"Caro para lo que ofrece, es un hostal con precio de 4 estrellas.",Negativo
"Cucarachas en el pasillo, falta de higiene alarmante.",Negativo
No volvería ni aunque me pagaran por quedarme aquí.,Negativo
¡Es una vergüenza! Llevo una hora esperando en recepción y nadie aparece.,Negativo
¡Auxilio! Se ha inundado el baño y el agua está llegando a la cama.,Negativo
¡Me siento estafado! Me han cobrado el doble y nadie me da una explicación.,Negativo
"¡Inaceptable! Hay chinches en la cama, ¡exijo que me cambien de hotel ya!",Negativo
¡Basta ya de mentiras! Me dijeron que había parking y me han dejado en la calle.,Negativo
¡Peligro! El ascensor se ha quedado bloqueado y no contestan al timbre.,Negativo
¡Indignante! Han entrado en mi cuarto mientras estaba fuera y falta dinero.,Negativo
¡Es una pesadilla! El ruido de las obras es atronador desde las 6 AM.,Negativo
¡No aguantamos más! El olor a cloaca en la habitación es insoportable.,Negativo
¡Vergonzoso! Trato humillante por parte del gerente del hotel.,Negativo
¡Tengo un ataque de nervios! Mi reserva no aparece y todo está lleno en la ciudad.,Negativo
¡Desastre total! El techo gotea justo encima de mi maleta abierta.,Negativo
¡Es un timo! El spa está cerrado y no avisaron al hacer la reserva.,Negativo
¡Horrible! El colchón está hundido y me duele la espalda de forma terrible.,Negativo
¡Nadie me ayuda! El teléfono de recepción no funciona y estoy aislado.,Negativo
"¡Cuidado! Cobran suplementos fantasmas al salir, son unos ladrones.",Negativo
"¡Qué asco! Sábanas con manchas de sangre, ¡exijo una hoja de reclamaciones!",Negativo
"¡Odisea! Tres horas para hacer el check-in, organización desastrosa.",Negativo
¡Incompetentes! Han perdido mi equipaje que dejaron en consigna.,Negativo
¡Basta! No hay agua caliente y hace un frío polar fuera.,Negativo
El hotel es precioso pero el personal del bar es bastante lento.,Neutro
Habitación muy limpia aunque el wifi solo funciona cerca de la puerta.,Neutro
Desayuno muy rico pero el espacio del buffet es demasiado pequeño.,Neutro
"Cama cómoda, lástima que el aire acondicionado haga tanto ruido.",Neutro
"Excelente ubicación, pero el precio es elevado para los servicios que da.",Neutro
Personal amable pero las instalaciones necesitan una reforma urgente.,Neutro
"Vistas increíble, sin embargo el baño es antiguo y algo incómodo.",Neutro
Hotel tranquilo pero está muy lejos de cualquier restaurante o tienda.,Neutro
Check-in rápido aunque la habitación no era la que pedimos originalmente.,Neutro
Piscina bonita pero el agua está siempre llena de hojas y bichos.,Neutro
"Diseño moderno pero poco funcional, no hay donde colgar las toallas.",Neutro
El buffet tiene calidad pero poca variedad si te quedas muchos días.,Neutro
"Buena insonorización de la calle, pero se oye todo lo del pasillo.",Neutro
"Te dan agua gratis el primer día, pero el resto te la cobran cara.",Neutro
Gimnasio bien equipado aunque le falta mantenimiento a las máquinas.,Neutro
El barrio es seguro pero de noche está demasiado oscuro para caminar.,Neutro
Servicio de limpieza impecable pero pasan a horas muy tempranas.,Neutro
Televisión de gran formato pero solo se ven canales locales.,Neutro
Parking propio pero la plaza es tan estrecha que apenas puedes salir.,Neutro
"Estancia correcta, tiene cosas muy buenas y otras que deben mejorar.",Neutro
"Muy buena experiencia en general, quitando que el café podría ser mejor.",Neutro
"Casi perfecto, solo le faltaría un poco más de presión a la ducha.",Neutro
"Todo genial, el único pero es que el parking es de pago y algo caro.",Neutro
"Nos encantó el trato, aunque la habitación era un pelín calurosa.",Neutro
"Hotel fantástico, lástima que el spa cierre tan temprano los domingos.",Neutro
"Volvería sin dudarlo, a pesar de que el ascensor es un poco lento.",Neutro
"Limpieza de 10, solo fallaron un día al reponer las cápsulas de café.",Neutro
"Personal encantador, si tuvieran más enchufes en el cuarto sería ideal.",Neutro
"Ubicación imbatible, el ruido de la calle es mínimo para estar tan céntrico.",Neutro
"Desayuno espectacular, solo eché de menos más fruta de temporada.",Neutro
"Cama muy confortable, aunque las almohadas me parecieron algo blandas.",Neutro
"Instalaciones modernas, el único detalle es que el lobby es algo frío.",Neutro
"Gran atención al cliente, excepto por un pequeño malentendido al llegar.",Neutro
"Wifi muy estable, suficiente para trabajar, aunque no para gaming.",Neutro
"Ambiente acogedor, solo mejorarla la iluminación del espejo del baño.",Neutro
"Bastante flojo, lo único que se salva es que la ubicación es céntrica.",Neutro
"Instalaciones descuidadas, al menos el personal de noche fue amable.",Neutro
"Mucha humedad en el cuarto, aunque nos cambiaron las sábanas diario.",Neutro
"Desayuno pobre y repetitivo, aunque el zumo de naranja era natural.",Neutro
"Baño muy viejo y con grifos que bailan, pero estaba limpio al llegar.",Neutro
"Mobiliario roto y antiguo, al menos el wifi funcionaba decentemente.",Neutro
"Ruido constante de tuberías, aunque la cama era sorprendentemente pasable.",Neutro
"Poca luz en la habitación, lo único bueno es que era bastante grande.",Neutro
"Servicio muy lento en el restaurante, aunque la comida no estaba mala.",Neutro
"El aire no enfriaba casi nada, suerte que pudimos abrir la ventana.",Neutro
"Check-in caótico, por lo menos tuvieron el detalle de guardarnos las maletas.",Neutro
"Habitación interior sin vistas, aunque por el precio no se puede pedir mucho.",Neutro
"Toallas viejas y desgastadas, pero el personal de limpieza era educado.",Neutro
"El gimnasio da pena, pero al menos la sauna funcionaba bien.",Neutro
"Zona algo ruidosa, lo compensa que está pegado a la parada del bus.",Neutro
"El edificio es una joya histórica y el lobby impresiona, pero al entrar en la habitación te das cuenta de que la alfombra tiene años y el aire acondicionado hace un estruendo que impide dormir; el desayuno es variado pero el servicio de mesas es un desastre total.",Neutro
"Viajamos en pareja y el trato fue exquisito al recibirnos, incluso nos dieron un upgrade, pero la experiencia se torció cuando descubrimos que la ducha no tenía agua caliente y tardaron cuatro horas en mandar a un técnico que no arregló nada.",Neutro
"La ubicación frente a la playa es un sueño y las piscinas están muy limpias, pero es inaceptable que te cobren 15 euros por una hamaca siendo cliente del hotel y que el bar de la piscina cierre justo cuando empieza el atardecer.",Neutro
"Un hotel de contrastes: por un lado tienes un personal de recepción maravilloso y un buffet de cena increíble, pero por otro las habitaciones huelen a cañería y el ruido de la discoteca de abajo hace imposible descansar hasta las 5 de la mañana.",Neutro
"Me gustó mucho la decoración moderna y el concepto de bar abierto, sin embargo, la limpieza de las zonas comunes deja mucho que desear y las escaleras de emergencia estaban llenas de cajas y basura, lo cual me parece un peligro.",Neutro
"Ideal para negocios por su rapidez y buena conexión, pero si vas a relajarte busca otro sitio porque el spa es ruidoso y el personal de masajes parece tener mucha prisa por terminar contigo; la comida del restaurante es cara pero deliciosa.",Neutro
"El hotel ofrece muchas actividades para niños y eso se agradece, pero el descontrol en los pasillos es total y nadie hace nada por mantener el silencio; el desayuno es correcto pero faltan mesas para tanta gente.",Neutro
"Lo mejor es el rooftop con vistas 360, pero el precio de las copas es abusivo y la atención es bastante prepotente; la habitación estaba bien pero encontramos restos de comida de los anteriores huéspedes en un cajón.",Neutro
"Un sitio con mucho encanto rústico y comida casera espectacular, pero la falta de cobertura y el wifi inexistente lo hacen difícil si necesitas estar conectado; además, el camino de acceso es una tortura para el coche.",Neutro
"Estuvimos tres noches y la primera fue genial, pero la segunda se estropeó la calefacción y nos morimos de frío; nos dieron una manta extra pero no una solución real ni un descuento por las molestias causadas.",Neutro
"Las fotos de la web prometen un paraíso y la realidad es un hotel que tuvo su gloria hace 20 años pero que hoy tiene grietas y humedades; lo único que lo mantiene a flote es su personal, que es de diez.",Neutro
"El servicio de limpieza es impecable y la habitación olía siempre a flores, pero el colchón era tan blando que nos levantamos con dolor de cuello; el desayuno es espectacular pero el café es de máquina automática mala.",Neutro
"Nos permitieron entrar antes de tiempo y nos guardaron el equipaje, pero al entrar al baño vimos que no habían cambiado las toallas y la papelera estaba llena; el personal se disculpó pero el error es básico.",Neutro
"La zona es inmejorable para visitar museos y caminar, pero el ruido de los camiones de basura cada noche a las 3 AM es desesperante; el hotel es bonito pero los cristales de las ventanas no aíslan nada.",Neutro
Tienen un sistema de check-in automático que falla más que una escopeta de feria y acabas necesitando ayuda humana igual; la habitación es tecnológica y moderna pero le falta calidez y alma.,Neutro
"El buffet de desayuno tiene de todo, pero es imposible disfrutarlo con el volumen de la música tan alto y los camareros corriendo de un lado a otro; las habitaciones son cómodas pero el armario es de risa.",Neutro
"Una experiencia agridulce: nos encantó el spa y el detalle del cava, pero nos decepcionó encontrar polvo en las estanterías y que el televisor no sintonizara ningún canal correctamente.",Neutro
"El personal de recepción es muy atento, pero el de seguridad es bastante desagradable y te vigila como si fueras a robar algo; la habitación es amplia y el baño está bien, aunque la luz parpadeaba.",Neutro
"Un hotel boutique con mucho estilo pero con una gestión de respuestas nefasta; nos dijeron que teníamos cama doble y nos dieron dos camas unidas que se separaban, aunque la decoración era preciosa.",Neutro
"Lo recomiendo por su ubicación y limpieza, pero aviso de que el parking es una pesadilla y el desayuno se queda corto si llegas después de las 9:30 porque ya no reponen casi nada.",Neutro
Me encantó la experiencia de 'ducha de aventura': nunca sabes si el agua saldrá hirviendo o congelada.,Negativo
"Gracias por el buffet 'exclusivo'; si llegas tarde, el privilegio de no comer es todo tuyo.",Negativo
La limpieza era tan 'minimalista' que las pelusas de debajo de la cama ya tenían su propio ecosistema.,Negativo
Un aplauso al arquitecto que puso el único enchufe del cuarto detrás del cabecero de la cama.,Negativo
"El Wi-Fi es perfecto para practicar la meditación, porque te da tiempo a reflexionar mientras carga un email.",Negativo
"La vista al mar era increíble, si te asomabas por la ventana y usabas un periscopio para ver sobre el edificio de enfrente.",Negativo
Me encantó que las paredes fueran de papel; ahora sé que mi vecino tiene una tos muy fea y que le gusta el reggaetón.,Negativo
El 'gimnasio' es una oda a la historia antigua; esas máquinas deben de ser del siglo pasado por lo menos.,Negativo
"Excelente idea la de no poner cortinas opacas, me encanta despertarme con el sol dándome directamente en la cara a las 6 AM.",Negativo
El servicio de habitaciones fue tan rápido que cuando trajeron la cena ya se me había pasado el hambre del día anterior.,Negativo
"Aceptable, pero necesita reformas. La ubicación es excelente, pero la habitación se sentía vieja. Las alfombras tenían manchas y el aire acondicionado hacía mucho ruido por la noche. Para el precio que pagamos, esperábamos algo más moderno.",Negativo
"Fotos engañosas. En las fotos de la web parece un hotel de lujo, pero la realidad es otra. La habitación era mucho más pequeña de lo esperado y el baño tenía poca presión de agua. Cumple para dormir, pero no para disfrutar la estancia.",Negativo
"Problemas de insonorización. El hotel es bonito, pero las paredes parecen de papel. Escuchamos las conversaciones de la habitación de al lado y el ruido del pasillo toda la madrugada. No pude descansar bien.",Negativo
"Servicio de recepción muy frío. Nadie nos ayudó con las maletas y el trato al hacer el check-in fue puramente transaccional, sin una sonrisa ni una bienvenida. El hotel está bien, pero el factor humano brilla por su ausencia.",Negativo
"Demasiada espera para todo. El desayuno es correcto, pero tuvimos que esperar 20 minutos por una mesa y otros 15 por el café. El personal parece estar sobrepasado de trabajo y no llega a atender a todos.",Negativo
"Limpieza superficial. Al llegar encontramos polvo en los muebles y restos de basura de los anteriores huéspedes debajo de la cama. Avisamos a recepción, pero solo se limitaron a pedir disculpas sin ofrecer una solución real.",Negativo
"Caro para lo que ofrece. El hotel no es malo, pero te cobran por absolutamente todo: el WiFi es lento a menos que pagues el 'premium' y el agua de cortesía solo la ponen el primer día. Hay opciones mejores por este precio.",Negativo
"Desayuno decepcionante. Nos alojamos aquí principalmente por las fotos del buffet de desayuno. Sin embargo, la variedad era mínima y muchos productos no se reponían. Una experiencia bastante mediocre.",Negativo
"Zona ruidosa y difícil acceso. El hotel por dentro está bien, pero está rodeado de obras y bares ruidosos. Además, es imposible aparcar cerca y el parking del hotel es carísimo. No volvería por la ubicación.",Negativo
Falta de mantenimiento básico. El ascensor no funcionó durante dos días de nuestra estancia y estábamos en el cuarto piso. Nadie nos ofreció ayuda con el equipaje ni compensación alguna. Se nota falta de gestión.,Negativo
"El hotel está bien para un viaje de negocios rápido donde solo vas a dormir, pero no tiene nada especial. La decoración es muy genérica y el ambiente en el lobby es algo sombrío. No es un lugar en el que te apetezca pasar tiempo.",Negativo
"Problemas con los servicios básicos. Tuvimos problemas con el agua caliente durante dos de las tres noches que estuvimos. Aunque el personal fue amable, la solución tardó demasiado y darnos una ducha fría por la mañana no es lo que esperas de un hotel de esta categoría.",Negativo
"WiFi prácticamente inexistente. Si necesitas trabajar, busca otro sitio. La conexión en las habitaciones se cortaba constantemente y solo funcionaba más o menos bien en la recepción. Hoy en día, un WiFi estable no debería ser un lujo, sino un estándar.",Negativo
"Mucha rotación y poco control. El hotel se siente un poco caótico. Había mucha gente en las zonas comunes, el gimnasio tenía máquinas fuera de servicio y las toallas de la piscina siempre estaban agotadas. Falta supervisión y orden por parte de la gerencia.",Negativo
"Ubicación buena, pero habitación incómoda. Lo mejor es que está cerca de todo, pero la habitación era minúscula. Apenas había espacio para abrir la maleta y la cama era demasiado blanda, acabé con dolor de espalda. Bien para una noche, pero no para una estancia larga.",Negativo
"Detalles que empañan la estancia. El hotel es visualmente bonito, pero hay detalles que fallan. Solo dejaron una toalla para dos personas y el dispensador de jabón estaba vacío. Son pequeñas cosas que demuestran falta de atención al detalle por parte del personal de limpieza.",Negativo
"Poca flexibilidad con el cliente. Llegamos solo 30 minutos antes de la hora del check-in y, aunque la habitación estaba lista, nos querían cobrar un suplemento por entrar. Entiendo las reglas, pero la falta de cortesía y flexibilidad nos dejó un mal sabor de boca desde el inicio.",Negativo
"Buffet muy limitado. El desayuno está incluido, pero la variedad es muy pobre. Todos los días lo mismo: pan frío, fruta que no parece fresca y café de máquina de baja calidad. Si no está incluido en tu reserva, no vale la pena pagarlo aparte.",Negativo
"Climatización deficiente. Hacía mucho calor en la habitación y el sistema centralizado no permitía bajar la temperatura. Tuvimos que dormir con la ventana abierta, pero el ruido de la calle no nos dejó descansar. Fue una noche bastante incómoda.",Negativo
"Instalaciones que necesitan una vuelta. El hotel se ve cansado. Los ascensores son lentos y hacen ruidos extraños, y el mobiliario de la habitación tiene esquinas desconchadas. No está mal, pero se nota que ha pasado mucho tiempo desde la última renovación.",Negativo
"Aceptable, pero necesita reformas. La ubicación es excelente, pero la habitación se sentía vieja. Las alfombras tenían manchas y el aire acondicionado hacía mucho ruido por la noche. Para el precio que pagamos, esperábamos algo más moderno.",Negativo
"Fotos engañosas. En las fotos de la web parece un hotel de lujo, pero la realidad es otra. La habitación era mucho más pequeña de lo esperado y el baño tenía poca presión de agua. Cumple para dormir, pero no para disfrutar la estancia.",Negativo
"Problemas de insonorización. El hotel es bonito, pero las paredes parecen de papel. Escuchamos las conversaciones de la habitación de al lado y el ruido del pasillo toda la madrugada. No pude descansar bien.",Negativo
"Servicio de recepción muy frío. Nadie nos ayudó con las maletas y el trato al hacer el check-in fue puramente transaccional, sin una sonrisa ni una bienvenida. El hotel está bien, pero el factor humano brilla por su ausencia.",Negativo
"Demasiada espera para todo. El desayuno es correcto, pero tuvimos que esperar 20 minutos por una mesa y otros 15 por el café. El personal parece estar sobrepasado de trabajo y no llega a atender a todos.",Negativo
"Limpieza superficial. Al llegar encontramos polvo en los muebles y restos de basura de los anteriores huéspedes debajo de la cama. Avisamos a recepción, pero solo se limitaron a pedir disculpas sin ofrecer una solución real.",Negativo
"Caro para lo que ofrece. El hotel no es malo, pero te cobran por absolutamente todo: el WiFi es lento a menos que pagues el 'premium' y el agua de cortesía solo la ponen el primer día. Hay opciones mejores por este precio.",Negativo
"Desayuno decepcionante. Nos alojamos aquí principalmente por las fotos del buffet de desayuno. Sin embargo, la variedad era mínima y muchos productos no se reponían. Una experiencia bastante mediocre.",Negativo
"Zona ruidosa y difícil acceso. El hotel por dentro está bien, pero está rodeado de obras y bares ruidosos. Además, es imposible aparcar cerca y el parking del hotel es carísimo. No volvería por la ubicación.",Negativo
Falta de mantenimiento básico. El ascensor no funcionó durante dos días de nuestra estancia y estábamos en el cuarto piso. Nadie nos ofreció ayuda con el equipaje ni compensación alguna. Se nota falta de gestión.,Negativo
"El hotel está bien para un viaje de negocios rápido donde solo vas a dormir, pero no tiene nada especial. La decoración es muy genérica y el ambiente en el lobby es algo sombrío. No es un lugar en el que te apetezca pasar tiempo.",Negativo
"Problemas con los servicios básicos. Tuvimos problemas con el agua caliente durante dos de las tres noches que estuvimos. Aunque el personal fue amable, la solución tardó demasiado y darnos una ducha fría por la mañana no es lo que esperas de un hotel de esta categoría.",Negativo
"WiFi prácticamente inexistente. Si necesitas trabajar, busca otro sitio. La conexión en las habitaciones se cortaba constantemente y solo funcionaba más o menos bien en la recepción. Hoy en día, un WiFi estable no debería ser un lujo, sino un estándar.",Negativo
"Mucha rotación y poco control. El hotel se siente un poco caótico. Había mucha gente en las zonas comunes, el gimnasio tenía máquinas fuera de servicio y las toallas de la piscina siempre estaban agotadas. Falta supervisión y orden por parte de la gerencia.",Negativo
"Ubicación buena, pero habitación incómoda. Lo mejor es que está cerca de todo, pero la habitación era minúscula. Apenas había espacio para abrir la maleta y la cama era demasiado blanda, acabé con dolor de espalda. Bien para una noche, pero no para una estancia larga.",Negativo
"Detalles que empañan la estancia. El hotel es visualmente bonito, pero hay detalles que fallan. Solo dejaron una toalla para dos personas y el dispensador de jabón estaba vacío. Son pequeñas cosas que demuestran falta de atención al detalle por parte del personal de limpieza.",Negativo
"Poca flexibilidad con el cliente. Llegamos solo 30 minutos antes de la hora del check-in y, aunque la habitación estaba lista, nos querían cobrar un suplemento por entrar. Entiendo las reglas, pero la falta de cortesía y flexibilidad nos dejó un mal sabor de boca desde el inicio.",Negativo
"Buffet muy limitado. El desayuno está incluido, pero la variedad es muy pobre. Todos los días lo mismo: pan frío, fruta que no parece fresca y café de máquina de baja calidad. Si no está incluido en tu reserva, no vale la pena pagarlo aparte.",Negativo
"Climatización deficiente. Hacía mucho calor en la habitación y el sistema centralizado no permitía bajar la temperatura. Tuvimos que dormir con la ventana abierta, pero el ruido de la calle no nos dejó descansar. Fue una noche bastante incómoda.",Negativo
"Instalaciones que necesitan una vuelta. El hotel se ve cansado. Los ascensores son lentos y hacen ruidos extraños, y el mobiliario de la habitación tiene esquinas desconchadas. No está mal, pero se nota que ha pasado mucho tiempo desde la última renovación.",Negativo
"Aceptable, pero necesita reformas. La ubicación es excelente, pero la habitación se sentía vieja. Las alfombras tenían manchas y el aire acondicionado hacía mucho ruido por la noche. Para el precio que pagamos, esperábamos algo más moderno.",Negativo
"Fotos engañosas. En las fotos de la web parece un hotel de lujo, pero la realidad es otra. La habitación era mucho más pequeña de lo esperado y el baño tenía poca presión de agua. Cumple para dormir, pero no para disfrutar la estancia.",Negativo
"Problemas de insonorización. El hotel es bonito, pero las paredes parecen de papel. Escuchamos las conversaciones de la habitación de al lado y el ruido del pasillo toda la madrugada. No pude descansar bien.",Negativo
"Servicio de recepción muy frío. Nadie nos ayudó con las maletas y el trato al hacer el check-in fue puramente transaccional, sin una sonrisa ni una bienvenida. El hotel está bien, pero el factor humano brilla por su ausencia.",Negativo
"Demasiada espera para todo. El desayuno es correcto, pero tuvimos que esperar 20 minutos por una mesa y otros 15 por el café. El personal parece estar sobrepasado de trabajo y no llega a atender a todos.",Negativo
"Limpieza superficial. Al llegar encontramos polvo en los muebles y restos de basura de los anteriores huéspedes debajo de la cama. Avisamos a recepción, pero solo se limitaron a pedir disculpas sin ofrecer una solución real.",Negativo
"Caro para lo que ofrece. El hotel no es malo, pero te cobran por absolutamente todo: el WiFi es lento a menos que pagues el 'premium' y el agua de cortesía solo la ponen el primer día. Hay opciones mejores por este precio.",Negativo
"Desayuno decepcionante. Nos alojamos aquí principalmente por las fotos del buffet de desayuno. Sin embargo, la variedad era mínima y muchos productos no se reponían. Una experiencia bastante mediocre.",Negativo
"Zona ruidosa y difícil acceso. El hotel por dentro está bien, pero está rodeado de obras y bares ruidosos. Además, es imposible aparcar cerca y el parking del hotel es carísimo. No volvería por la ubicación.",Negativo
Falta de mantenimiento básico. El ascensor no funcionó durante dos días de nuestra estancia y estábamos en el cuarto piso. Nadie nos ofreció ayuda con el equipaje ni compensación alguna. Se nota falta de gestión.,Negativo
"El hotel está bien para un viaje de negocios rápido donde solo vas a dormir, pero no tiene nada especial. La decoración es muy genérica y el ambiente en el lobby es algo sombrío. No es un lugar en el que te apetezca pasar tiempo.",Negativo
"Problemas con los servicios básicos. Tuvimos problemas con el agua caliente durante dos de las tres noches que estuvimos. Aunque el personal fue amable, la solución tardó demasiado y darnos una ducha fría por la mañana no es lo que esperas de un hotel de esta categoría.",Negativo
"WiFi prácticamente inexistente. Si necesitas trabajar, busca otro sitio. La conexión en las habitaciones se cortaba constantemente y solo funcionaba más o menos bien en la recepción. Hoy en día, un WiFi estable no debería ser un lujo, sino un estándar.",Negativo
"Mucha rotación y poco control. El hotel se siente un poco caótico. Había mucha gente en las zonas comunes, el gimnasio tenía máquinas fuera de servicio y las toallas de la piscina siempre estaban agotadas. Falta supervisión y orden por parte de la gerencia.",Negativo
"Ubicación buena, pero habitación incómoda. Lo mejor es que está cerca de todo, pero la habitación era minúscula. Apenas había espacio para abrir la maleta y la cama era demasiado blanda, acabé con dolor de espalda. Bien para una noche, pero no para una estancia larga.",Negativo
"Detalles que empañan la estancia. El hotel es visualmente bonito, pero hay detalles que fallan. Solo dejaron una toalla para dos personas y el dispensador de jabón estaba vacío. Son pequeñas cosas que demuestran falta de atención al detalle por parte del personal de limpieza.",Negativo
"Poca flexibilidad con el cliente. Llegamos solo 30 minutos antes de la hora del check-in y, aunque la habitación estaba lista, nos querían cobrar un suplemento por entrar. Entiendo las reglas, pero la falta de cortesía y flexibilidad nos dejó un mal sabor de boca desde el inicio.",Negativo
"Buffet muy limitado. El desayuno está incluido, pero la variedad es muy pobre. Todos los días lo mismo: pan frío, fruta que no parece fresca y café de máquina de baja calidad. Si no está incluido en tu reserva, no vale la pena pagarlo aparte.",Negativo
"Climatización deficiente. Hacía mucho calor en la habitación y el sistema centralizado no permitía bajar la temperatura. Tuvimos que dormir con la ventana abierta, pero el ruido de la calle no nos dejó descansar. Fue una noche bastante incómoda.",Negativo
"Instalaciones que necesitan una vuelta. El hotel se ve cansado. Los ascensores son lentos y hacen ruidos extraños, y el mobiliario de la habitación tiene esquinas desconchadas. No está mal, pero se nota que ha pasado mucho tiempo desde la última renovación.",Negativo
"Aceptable, pero necesita reformas. La ubicación es excelente, pero la habitación se sentía vieja. Las alfombras tenían manchas y el aire acondicionado hacía mucho ruido por la noche. Para el precio que pagamos, esperábamos algo más moderno.",Negativo
"Fotos engañosas. En las fotos de la web parece un hotel de lujo, pero la realidad es otra. La habitación era mucho más pequeña de lo esperado y el baño tenía poca presión de agua. Cumple para dormir, pero no para disfrutar la estancia.",Negativo
"Problemas de insonorización. El hotel es bonito, pero las paredes parecen de papel. Escuchamos las conversaciones de la habitación de al lado y el ruido del pasillo toda la madrugada. No pude descansar bien.",Negativo
"Servicio de recepción muy frío. Nadie nos ayudó con las maletas y el trato al hacer el check-in fue puramente transaccional, sin una sonrisa ni una bienvenida. El hotel está bien, pero el factor humano brilla por su ausencia.",Negativo
"Demasiada espera para todo. El desayuno es correcto, pero tuvimos que esperar 20 minutos por una mesa y otros 15 por el café. El personal parece estar sobrepasado de trabajo y no llega a atender a todos.",Negativo
"Limpieza superficial. Al llegar encontramos polvo en los muebles y restos de basura de los anteriores huéspedes debajo de la cama. Avisamos a recepción, pero solo se limitaron a pedir disculpas sin ofrecer una solución real.",Negativo
"Caro para lo que ofrece. El hotel no es malo, pero te cobran por absolutamente todo: el WiFi es lento a menos que pagues el 'premium' y el agua de cortesía solo la ponen el primer día. Hay opciones mejores por este precio.",Negativo
"Desayuno decepcionante. Nos alojamos aquí principalmente por las fotos del buffet de desayuno. Sin embargo, la variedad era mínima y muchos productos no se reponían. Una experiencia bastante mediocre.",Negativo
"Zona ruidosa y difícil acceso. El hotel por dentro está bien, pero está rodeado de obras y bares ruidosos. Además, es imposible aparcar cerca y el parking del hotel es carísimo. No volvería por la ubicación.",Negativo
Falta de mantenimiento básico. El ascensor no funcionó durante dos días de nuestra estancia y estábamos en el cuarto piso. Nadie nos ofreció ayuda con el equipaje ni compensación alguna. Se nota falta de gestión.,Negativo
"El hotel está bien para un viaje de negocios rápido donde solo vas a dormir, pero no tiene nada especial. La decoración es muy genérica y el ambiente en el lobby es algo sombrío. No es un lugar en el que te apetezca pasar tiempo.",Negativo
"Problemas con los servicios básicos. Tuvimos problemas con el agua caliente durante dos de las tres noches que estuvimos. Aunque el personal fue amable, la solución tardó demasiado y darnos una ducha fría por la mañana no es lo que esperas de un hotel de esta categoría.",Negativo
"WiFi prácticamente inexistente. Si necesitas trabajar, busca otro sitio. La conexión en las habitaciones se cortaba constantemente y solo funcionaba más o menos bien en la recepción. Hoy en día, un WiFi estable no debería ser un lujo, sino un estándar.",Negativo
"Mucha rotación y poco control. El hotel se siente un poco caótico. Había mucha gente en las zonas comunes, el gimnasio tenía máquinas fuera de servicio y las toallas de la piscina siempre estaban agotadas. Falta supervisión y orden por parte de la gerencia.",Negativo
"Ubicación buena, pero habitación incómoda. Lo mejor es que está cerca de todo, pero la habitación era minúscula. Apenas había espacio para abrir la maleta y la cama era demasiado blanda, acabé con dolor de espalda. Bien para una noche, pero no para una estancia larga.",Negativo
"Detalles que empañan la estancia. El hotel es visualmente bonito, pero hay detalles que fallan. Solo dejaron una toalla para dos personas y el dispensador de jabón estaba vacío. Son pequeñas cosas que demuestran falta de atención al detalle por parte del personal de limpieza.",Negativo
"Poca flexibilidad con el cliente. Llegamos solo 30 minutos antes de la hora del check-in y, aunque la habitación estaba lista, nos querían cobrar un suplemento por entrar. Entiendo las reglas, pero la falta de cortesía y flexibilidad nos dejó un mal sabor de boca desde el inicio.",Negativo
"Buffet muy limitado. El desayuno está incluido, pero la variedad es muy pobre. Todos los días lo mismo: pan frío, fruta que no parece fresca y café de máquina de baja calidad. Si no está incluido en tu reserva, no vale la pena pagarlo aparte.",Negativo
"Climatización deficiente. Hacía mucho calor en la habitación y el sistema centralizado no permitía bajar la temperatura. Tuvimos que dormir con la ventana abierta, pero el ruido de la calle no nos dejó descansar. Fue una noche bastante incómoda.",Negativo
"Instalaciones que necesitan una vuelta. El hotel se ve cansado. Los ascensores son lentos y hacen ruidos extraños, y el mobiliario de la habitación tiene esquinas desconchadas. No está mal, pero se nota que ha pasado mucho tiempo desde la última renovación.",Negativo
"Aceptable, pero necesita reformas. La ubicación es excelente, pero la habitación se sentía vieja. Las alfombras tenían manchas y el aire acondicionado hacía mucho ruido por la noche. Para el precio que pagamos, esperábamos algo más moderno.",Negativo
"Fotos engañosas. En las fotos de la web parece un hotel de lujo, pero la realidad es otra. La habitación era mucho más pequeña de lo esperado y el baño tenía poca presión de agua. Cumple para dormir, pero no para disfrutar la estancia.",Negativo
"Problemas de insonorización. El hotel es bonito, pero las paredes parecen de papel. Escuchamos las conversaciones de la habitación de al lado y el ruido del pasillo toda la madrugada. No pude descansar bien.",Negativo
"Servicio de recepción muy frío. Nadie nos ayudó con las maletas y el trato al hacer el check-in fue puramente transaccional, sin una sonrisa ni una bienvenida. El hotel está bien, pero el factor humano brilla por su ausencia.",Negativo
"Demasiada espera para todo. El desayuno es correcto, pero tuvimos que esperar 20 minutos por una mesa y otros 15 por el café. El personal parece estar sobrepasado de trabajo y no llega a atender a todos.",Negativo
"Limpieza superficial. Al llegar encontramos polvo en los muebles y restos de basura de los anteriores huéspedes debajo de la cama. Avisamos a recepción, pero solo se limitaron a pedir disculpas sin ofrecer una solución real.",Negativo
"Caro para lo que ofrece. El hotel no es malo, pero te cobran por absolutamente todo: el WiFi es lento a menos que pagues el 'premium' y el agua de cortesía solo la ponen el primer día. Hay opciones mejores por este precio.",Negativo
"Desayuno decepcionante. Nos alojamos aquí principalmente por las fotos del buffet de desayuno. Sin embargo, la variedad era mínima y muchos productos no se reponían. Una experiencia bastante mediocre.",Negativo
"Zona ruidosa y difícil acceso. El hotel por dentro está bien, pero está rodeado de obras y bares ruidosos. Además, es imposible aparcar cerca y el parking del hotel es carísimo. No volvería por la ubicación.",Negativo
Falta de mantenimiento básico. El ascensor no funcionó durante dos días de nuestra estancia y estábamos en el cuarto piso. Nadie nos ofreció ayuda con el equipaje ni compensación alguna. Se nota falta de gestión.,Negativo
"El hotel está bien para un viaje de negocios rápido donde solo vas a dormir, pero no tiene nada especial. La decoración es muy genérica y el ambiente en el lobby es algo sombrío. No es un lugar en el que te apetezca pasar tiempo.",Negativo
"Problemas con los servicios básicos. Tuvimos problemas con el agua caliente durante dos de las tres noches que estuvimos. Aunque el personal fue amable, la solución tardó demasiado y darnos una ducha fría por la mañana no es lo que esperas de un hotel de esta categoría.",Negativo
"WiFi prácticamente inexistente. Si necesitas trabajar, busca otro sitio. La conexión en las habitaciones se cortaba constantemente y solo funcionaba más o menos bien en la recepción. Hoy en día, un WiFi estable no debería ser un lujo, sino un estándar.",Negativo
"Mucha rotación y poco control. El hotel se siente un poco caótico. Había mucha gente en las zonas comunes, el gimnasio tenía máquinas fuera de servicio y las toallas de la piscina siempre estaban agotadas. Falta supervisión y orden por parte de la gerencia.",Negativo
"Ubicación buena, pero habitación incómoda. Lo mejor es que está cerca de todo, pero la habitación era minúscula. Apenas había espacio para abrir la maleta y la cama era demasiado blanda, acabé con dolor de espalda. Bien para una noche, pero no para una estancia larga.",Negativo
"Detalles que empañan la estancia. El hotel es visualmente bonito, pero hay detalles que fallan. Solo dejaron una toalla para dos personas y el dispensador de jabón estaba vacío. Son pequeñas cosas que demuestran falta de atención al detalle por parte del personal de limpieza.",Negativo
"Poca flexibilidad con el cliente. Llegamos solo 30 minutos antes de la hora del check-in y, aunque la habitación estaba lista, nos querían cobrar un suplemento por entrar. Entiendo las reglas, pero la falta de cortesía y flexibilidad nos dejó un mal sabor de boca desde el inicio.",Negativo
"Buffet muy limitado. El desayuno está incluido, pero la variedad es muy pobre. Todos los días lo mismo: pan frío, fruta que no parece fresca y café de máquina de baja calidad. Si no está incluido en tu reserva, no vale la pena pagarlo aparte.",Negativo
"Climatización deficiente. Hacía mucho calor en la habitación y el sistema centralizado no permitía bajar la temperatura. Tuvimos que dormir con la ventana abierta, pero el ruido de la calle no nos dejó descansar. Fue una noche bastante incómoda.",Negativo
"Instalaciones que necesitan una vuelta. El hotel se ve cansado. Los ascensores son lentos y hacen ruidos extraños, y el mobiliario de la habitación tiene esquinas desconchadas. No está mal, pero se nota que ha pasado mucho tiempo desde la última renovación.",Negativo
"Aceptable, pero necesita reformas. La ubicación es excelente, pero la habitación se sentía vieja. Las alfombras tenían manchas y el aire acondicionado hacía mucho ruido por la noche. Para el precio que pagamos, esperábamos algo más moderno.",Negativo
"Fotos engañosas. En las fotos de la web parece un hotel de lujo, pero la realidad es otra. La habitación era mucho más pequeña de lo esperado y el baño tenía poca presión de agua. Cumple para dormir, pero no para disfrutar la estancia.",Negativo
"Problemas de insonorización. El hotel es bonito, pero las paredes parecen de papel. Escuchamos las conversaciones de la habitación de al lado y el ruido del pasillo toda la madrugada. No pude descansar bien.",Negativo
"Servicio de recepción muy frío. Nadie nos ayudó con las maletas y el trato al hacer el check-in fue puramente transaccional, sin una sonrisa ni una bienvenida. El hotel está bien, pero el factor humano brilla por su ausencia.",Negativo
"Demasiada espera para todo. El desayuno es correcto, pero tuvimos que esperar 20 minutos por una mesa y otros 15 por el café. El personal parece estar sobrepasado de trabajo y no llega a atender a todos.",Negativo
"Limpieza superficial. Al llegar encontramos polvo en los muebles y restos de basura de los anteriores huéspedes debajo de la cama. Avisamos a recepción, pero solo se limitaron a pedir disculpas sin ofrecer una solución real.",Negativo
"Caro para lo que ofrece. El hotel no es malo, pero te cobran por absolutamente todo: el WiFi es lento a menos que pagues el 'premium' y el agua de cortesía solo la ponen el primer día. Hay opciones mejores por este precio.",Negativo
"Desayuno decepcionante. Nos alojamos aquí principalmente por las fotos del buffet de desayuno. Sin embargo, la variedad era mínima y muchos productos no se reponían. Una experiencia bastante mediocre.",Negativo
"Zona ruidosa y difícil acceso. El hotel por dentro está bien, pero está rodeado de obras y bares ruidosos. Además, es imposible aparcar cerca y el parking del hotel es carísimo. No volvería por la ubicación.",Negativo
Falta de mantenimiento básico. El ascensor no funcionó durante dos días de nuestra estancia y estábamos en el cuarto piso. Nadie nos ofreció ayuda con el equipaje ni compensación alguna. Se nota falta de gestión.,Negativo
"El hotel está bien para un viaje de negocios rápido donde solo vas a dormir, pero no tiene nada especial. La decoración es muy genérica y el ambiente en el lobby es algo sombrío. No es un lugar en el que te apetezca pasar tiempo.",Negativo
"Problemas con los servicios básicos. Tuvimos problemas con el agua caliente durante dos de las tres noches que estuvimos. Aunque el personal fue amable, la solución tardó demasiado y darnos una ducha fría por la mañana no es lo que esperas de un hotel de esta categoría.",Negativo
"WiFi prácticamente inexistente. Si necesitas trabajar, busca otro sitio. La conexión en las habitaciones se cortaba constantemente y solo funcionaba más o menos bien en la recepción. Hoy en día, un WiFi estable no debería ser un lujo, sino un estándar.",Negativo
"Mucha rotación y poco control. El hotel se siente un poco caótico. Había mucha gente en las zonas comunes, el gimnasio tenía máquinas fuera de servicio y las toallas de la piscina siempre estaban agotadas. Falta supervisión y orden por parte de la gerencia.",Negativo
"Ubicación buena, pero habitación incómoda. Lo mejor es que está cerca de todo, pero la habitación era minúscula. Apenas había espacio para abrir la maleta y la cama era demasiado blanda, acabé con dolor de espalda. Bien para una noche, pero no para una estancia larga.",Negativo
"Detalles que empañan la estancia. El hotel es visualmente bonito, pero hay detalles que fallan. Solo dejaron una toalla para dos personas y el dispensador de jabón estaba vacío. Son pequeñas cosas que demuestran falta de atención al detalle por parte del personal de limpieza.",Negativo
"Poca flexibilidad con el cliente. Llegamos solo 30 minutos antes de la hora del check-in y, aunque la habitación estaba lista, nos querían cobrar un suplemento por entrar. Entiendo las reglas, pero la falta de cortesía y flexibilidad nos dejó un mal sabor de boca desde el inicio.",Negativo
"Buffet muy limitado. El desayuno está incluido, pero la variedad es muy pobre. Todos los días lo mismo: pan frío, fruta que no parece fresca y café de máquina de baja calidad. Si no está incluido en tu reserva, no vale la pena pagarlo aparte.",Negativo
"Climatización deficiente. Hacía mucho calor en la habitación y el sistema centralizado no permitía bajar la temperatura. Tuvimos que dormir con la ventana abierta, pero el ruido de la calle no nos dejó descansar. Fue una noche bastante incómoda.",Negativo
"Instalaciones que necesitan una vuelta. El hotel se ve cansado. Los ascensores son lentos y hacen ruidos extraños, y el mobiliario de la habitación tiene esquinas desconchadas. No está mal, pero se nota que ha pasado mucho tiempo desde la última renovación.",Negativo
"Aceptable, pero necesita reformas. La ubicación es excelente, pero la habitación se sentía vieja. Las alfombras tenían manchas y el aire acondicionado hacía mucho ruido por la noche. Para el precio que pagamos, esperábamos algo más moderno.",Negativo
"Fotos engañosas. En las fotos de la web parece un hotel de lujo, pero la realidad es otra. La habitación era mucho más pequeña de lo esperado y el baño tenía poca presión de agua. Cumple para dormir, pero no para disfrutar la estancia.",Negativo
"Problemas de insonorización. El hotel es bonito, pero las paredes parecen de papel. Escuchamos las conversaciones de la habitación de al lado y el ruido del pasillo toda la madrugada. No pude descansar bien.",Negativo
"Servicio de recepción muy frío. Nadie nos ayudó con las maletas y el trato al hacer el check-in fue puramente transaccional, sin una sonrisa ni una bienvenida. El hotel está bien, pero el factor humano brilla por su ausencia.",Negativo
"Demasiada espera para todo. El desayuno es correcto, pero tuvimos que esperar 20 minutos por una mesa y otros 15 por el café. El personal parece estar sobrepasado de trabajo y no llega a atender a todos.",Negativo
"Limpieza superficial. Al llegar encontramos polvo en los muebles y restos de basura de los anteriores huéspedes debajo de la cama. Avisamos a recepción, pero solo se limitaron a pedir disculpas sin ofrecer una solución real.",Negativo
"Caro para lo que ofrece. El hotel no es malo, pero te cobran por absolutamente todo: el WiFi es lento a menos que pagues el 'premium' y el agua de cortesía solo la ponen el primer día. Hay opciones mejores por este precio.",Negativo
"Desayuno decepcionante. Nos alojamos aquí principalmente por las fotos del buffet de desayuno. Sin embargo, la variedad era mínima y muchos productos no se reponían. Una experiencia bastante mediocre.",Negativo
"Zona ruidosa y difícil acceso. El hotel por dentro está bien, pero está rodeado de obras y bares ruidosos. Además, es imposible aparcar cerca y el parking del hotel es carísimo. No volvería por la ubicación.",Negativo
Falta de mantenimiento básico. El ascensor no funcionó durante dos días de nuestra estancia y estábamos en el cuarto piso. Nadie nos ofreció ayuda con el equipaje ni compensación alguna. Se nota falta de gestión.,Negativo
"El hotel está bien para un viaje de negocios rápido donde solo vas a dormir, pero no tiene nada especial. La decoración es muy genérica y el ambiente en el lobby es algo sombrío. No es un lugar en el que te apetezca pasar tiempo.",Negativo
"Problemas con los servicios básicos. Tuvimos problemas con el agua caliente durante dos de las tres noches que estuvimos. Aunque el personal fue amable, la solución tardó demasiado y darnos una ducha fría por la mañana no es lo que esperas de un hotel de esta categoría.",Negativo
"WiFi prácticamente inexistente. Si necesitas trabajar, busca otro sitio. La conexión en las habitaciones se cortaba constantemente y solo funcionaba más o menos bien en la recepción. Hoy en día, un WiFi estable no debería ser un lujo, sino un estándar.",Negativo
"Mucha rotación y poco control. El hotel se siente un poco caótico. Había mucha gente en las zonas comunes, el gimnasio tenía máquinas fuera de servicio y las toallas de la piscina siempre estaban agotadas. Falta supervisión y orden por parte de la gerencia.",Negativo
"Ubicación buena, pero habitación incómoda. Lo mejor es que está cerca de todo, pero la habitación era minúscula. Apenas había espacio para abrir la maleta y la cama era demasiado blanda, acabé con dolor de espalda. Bien para una noche, pero no para una estancia larga.",Negativo
"Detalles que empañan la estancia. El hotel es visualmente bonito, pero hay detalles que fallan. Solo dejaron una toalla para dos personas y el dispensador de jabón estaba vacío. Son pequeñas cosas que demuestran falta de atención al detalle por parte del personal de limpieza.",Negativo
"Poca flexibilidad con el cliente. Llegamos solo 30 minutos antes de la hora del check-in y, aunque la habitación estaba lista, nos querían cobrar un suplemento por entrar. Entiendo las reglas, pero la falta de cortesía y flexibilidad nos dejó un mal sabor de boca desde el inicio.",Negativo
"Buffet muy limitado. El desayuno está incluido, pero la variedad es muy pobre. Todos los días lo mismo: pan frío, fruta que no parece fresca y café de máquina de baja calidad. Si no está incluido en tu reserva, no vale la pena pagarlo aparte.",Negativo
"Climatización deficiente. Hacía mucho calor en la habitación y el sistema centralizado no permitía bajar la temperatura. Tuvimos que dormir con la ventana abierta, pero el ruido de la calle no nos dejó descansar. Fue una noche bastante incómoda.",Negativo
"Instalaciones que necesitan una vuelta. El hotel se ve cansado. Los ascensores son lentos y hacen ruidos extraños, y el mobiliario de la habitación tiene esquinas desconchadas. No está mal, pero se nota que ha pasado mucho tiempo desde la última renovación.",Negativo
"Aceptable, pero necesita reformas. La ubicación es excelente, pero la habitación se sentía vieja. Las alfombras tenían manchas y el aire acondicionado hacía mucho ruido por la noche. Para el precio que pagamos, esperábamos algo más moderno.",Negativo
"Fotos engañosas. En las fotos de la web parece un hotel de lujo, pero la realidad es otra. La habitación era mucho más pequeña de lo esperado y el baño tenía poca presión de agua. Cumple para dormir, pero no para disfrutar la estancia.",Negativo
"Problemas de insonorización. El hotel es bonito, pero las paredes parecen de papel. Escuchamos las conversaciones de la habitación de al lado y el ruido del pasillo toda la madrugada. No pude descansar bien.",Negativo
"Servicio de recepción muy frío. Nadie nos ayudó con las maletas y el trato al hacer el check-in fue puramente transaccional, sin una sonrisa ni una bienvenida. El hotel está bien, pero el factor humano brilla por su ausencia.",Negativo
"Demasiada espera para todo. El desayuno es correcto, pero tuvimos que esperar 20 minutos por una mesa y otros 15 por el café. El personal parece estar sobrepasado de trabajo y no llega a atender a todos.",Negativo
"Limpieza superficial. Al llegar encontramos polvo en los muebles y restos de basura de los anteriores huéspedes debajo de la cama. Avisamos a recepción, pero solo se limitaron a pedir disculpas sin ofrecer una solución real.",Negativo
"Caro para lo que ofrece. El hotel no es malo, pero te cobran por absolutamente todo: el WiFi es lento a menos que pagues el 'premium' y el agua de cortesía solo la ponen el primer día. Hay opciones mejores por este precio.",Negativo
"Desayuno decepcionante. Nos alojamos aquí principalmente por las fotos del buffet de desayuno. Sin embargo, la variedad era mínima y muchos productos no se reponían. Una experiencia bastante mediocre.",Negativo
"Zona ruidosa y difícil acceso. El hotel por dentro está bien, pero está rodeado de obras y bares ruidosos. Además, es imposible aparcar cerca y el parking del hotel es carísimo. No volvería por la ubicación.",Negativo
Falta de mantenimiento básico. El ascensor no funcionó durante dos días de nuestra estancia y estábamos en el cuarto piso. Nadie nos ofreció ayuda con el equipaje ni compensación alguna. Se nota falta de gestión.,Negativo
"El hotel está bien para un viaje de negocios rápido donde solo vas a dormir, pero no tiene nada especial. La decoración es muy genérica y el ambiente en el lobby es algo sombrío. No es un lugar en el que te apetezca pasar tiempo.",Negativo
"Problemas con los servicios básicos. Tuvimos problemas con el agua caliente durante dos de las tres noches que estuvimos. Aunque el personal fue amable, la solución tardó demasiado y darnos una ducha fría por la mañana no es lo que esperas de un hotel de esta categoría.",Negativo
"WiFi prácticamente inexistente. Si necesitas trabajar, busca otro sitio. La conexión en las habitaciones se cortaba constantemente y solo funcionaba más o menos bien en la recepción. Hoy en día, un WiFi estable no debería ser un lujo, sino un estándar.",Negativo
"Mucha rotación y poco control. El hotel se siente un poco caótico. Había mucha gente en las zonas comunes, el gimnasio tenía máquinas fuera de servicio y las toallas de la piscina siempre estaban agotadas. Falta supervisión y orden por parte de la gerencia.",Negativo
"Ubicación buena, pero habitación incómoda. Lo mejor es que está cerca de todo, pero la habitación era minúscula. Apenas había espacio para abrir la maleta y la cama era demasiado blanda, acabé con dolor de espalda. Bien para una noche, pero no para una estancia larga.",Negativo
"Detalles que empañan la estancia. El hotel es visualmente bonito, pero hay detalles que fallan. Solo dejaron una toalla para dos personas y el dispensador de jabón estaba vacío. Son pequeñas cosas que demuestran falta de atención al detalle por parte del personal de limpieza.",Negativo
"Poca flexibilidad con el cliente. Llegamos solo 30 minutos antes de la hora del check-in y, aunque la habitación estaba lista, nos querían cobrar un suplemento por entrar. Entiendo las reglas, pero la falta de cortesía y flexibilidad nos dejó un mal sabor de boca desde el inicio.",Negativo
"Buffet muy limitado. El desayuno está incluido, pero la variedad es muy pobre. Todos los días lo mismo: pan frío, fruta que no parece fresca y café de máquina de baja calidad. Si no está incluido en tu reserva, no vale la pena pagarlo aparte.",Negativo
"Climatización deficiente. Hacía mucho calor en la habitación y el sistema centralizado no permitía bajar la temperatura. Tuvimos que dormir con la ventana abierta, pero el ruido de la calle no nos dejó descansar. Fue una noche bastante incómoda.",Negativo
"Instalaciones que necesitan una vuelta. El hotel se ve cansado. Los ascensores son lentos y hacen ruidos extraños, y el mobiliario de la habitación tiene esquinas desconchadas. No está mal, pero se nota que ha pasado mucho tiempo desde la última renovación.",Negativo
"Aceptable, pero necesita reformas. La ubicación es excelente, pero la habitación se sentía vieja. Las alfombras tenían manchas y el aire acondicionado hacía mucho ruido por la noche. Para el precio que pagamos, esperábamos algo más moderno.",Negativo
"Fotos engañosas. En las fotos de la web parece un hotel de lujo, pero la realidad es otra. La habitación era mucho más pequeña de lo esperado y el baño tenía poca presión de agua. Cumple para dormir, pero no para disfrutar la estancia.",Negativo
"Problemas de insonorización. El hotel es bonito, pero las paredes parecen de papel. Escuchamos las conversaciones de la habitación de al lado y el ruido del pasillo toda la madrugada. No pude descansar bien.",Negativo
"Servicio de recepción muy frío. Nadie nos ayudó con las maletas y el trato al hacer el check-in fue puramente transaccional, sin una sonrisa ni una bienvenida. El hotel está bien, pero el factor humano brilla por su ausencia.",Negativo
"Demasiada espera para todo. El desayuno es correcto, pero tuvimos que esperar 20 minutos por una mesa y otros 15 por el café. El personal parece estar sobrepasado de trabajo y no llega a atender a todos.",Negativo
"Limpieza superficial. Al llegar encontramos polvo en los muebles y restos de basura de los anteriores huéspedes debajo de la cama. Avisamos a recepción, pero solo se limitaron a pedir disculpas sin ofrecer una solución real.",Negativo
"Caro para lo que ofrece. El hotel no es malo, pero te cobran por absolutamente todo: el WiFi es lento a menos que pagues el 'premium' y el agua de cortesía solo la ponen el primer día. Hay opciones mejores por este precio.",Negativo
"Desayuno decepcionante. Nos alojamos aquí principalmente por las fotos del buffet de desayuno. Sin embargo, la variedad era mínima y muchos productos no se reponían. Una experiencia bastante mediocre.",Negativo
"Zona ruidosa y difícil acceso. El hotel por dentro está bien, pero está rodeado de obras y bares ruidosos. Además, es imposible aparcar cerca y el parking del hotel es carísimo. No volvería por la ubicación.",Negativo
Falta de mantenimiento básico. El ascensor no funcionó durante dos días de nuestra estancia y estábamos en el cuarto piso. Nadie nos ofreció ayuda con el equipaje ni compensación alguna. Se nota falta de gestión.,Negativo
"El hotel está bien para un viaje de negocios rápido donde solo vas a dormir, pero no tiene nada especial. La decoración es muy genérica y el ambiente en el lobby es algo sombrío. No es un lugar en el que te apetezca pasar tiempo.",Negativo
"Problemas con los servicios básicos. Tuvimos problemas con el agua caliente durante dos de las tres noches que estuvimos. Aunque el personal fue amable, la solución tardó demasiado y darnos una ducha fría por la mañana no es lo que esperas de un hotel de esta categoría.",Negativo
"WiFi prácticamente inexistente. Si necesitas trabajar, busca otro sitio. La conexión en las habitaciones se cortaba constantemente y solo funcionaba más o menos bien en la recepción. Hoy en día, un WiFi estable no debería ser un lujo, sino un estándar.",Negativo
"Mucha rotación y poco control. El hotel se siente un poco caótico. Había mucha gente en las zonas comunes, el gimnasio tenía máquinas fuera de servicio y las toallas de la piscina siempre estaban agotadas. Falta supervisión y orden por parte de la gerencia.",Negativo
"Ubicación buena, pero habitación incómoda. Lo mejor es que está cerca de todo, pero la habitación era minúscula. Apenas había espacio para abrir la maleta y la cama era demasiado blanda, acabé con dolor de espalda. Bien para una noche, pero no para una estancia larga.",Negativo
"Detalles que empañan la estancia. El hotel es visualmente bonito, pero hay detalles que fallan. Solo dejaron una toalla para dos personas y el dispensador de jabón estaba vacío. Son pequeñas cosas que demuestran falta de atención al detalle por parte del personal de limpieza.",Negativo
"Poca flexibilidad con el cliente. Llegamos solo 30 minutos antes de la hora del check-in y, aunque la habitación estaba lista, nos querían cobrar un suplemento por entrar. Entiendo las reglas, pero la falta de cortesía y flexibilidad nos dejó un mal sabor de boca desde el inicio.",Negativo
"Buffet muy limitado. El desayuno está incluido, pero la variedad es muy pobre. Todos los días lo mismo: pan frío, fruta que no parece fresca y café de máquina de baja calidad. Si no está incluido en tu reserva, no vale la pena pagarlo aparte.",Negativo
"Climatización deficiente. Hacía mucho calor en la habitación y el sistema centralizado no permitía bajar la temperatura. Tuvimos que dormir con la ventana abierta, pero el ruido de la calle no nos dejó descansar. Fue una noche bastante incómoda.",Negativo
"Instalaciones que necesitan una vuelta. El hotel se ve cansado. Los ascensores son lentos y hacen ruidos extraños, y el mobiliario de la habitación tiene esquinas desconchadas. No está mal, pero se nota que ha pasado mucho tiempo desde la última renovación.",Negativo
"Aceptable, pero necesita reformas. La ubicación es excelente, pero la habitación se sentía vieja. Las alfombras tenían manchas y el aire acondicionado hacía mucho ruido por la noche. Para el precio que pagamos, esperábamos algo más moderno.",Negativo
"Fotos engañosas. En las fotos de la web parece un hotel de lujo, pero la realidad es otra. La habitación era mucho más pequeña de lo esperado y el baño tenía poca presión de agua. Cumple para dormir, pero no para disfrutar la estancia.",Negativo
"Problemas de insonorización. El hotel es bonito, pero las paredes parecen de papel. Escuchamos las conversaciones de la habitación de al lado y el ruido del pasillo toda la madrugada. No pude descansar bien.",Negativo
"Servicio de recepción muy frío. Nadie nos ayudó con las maletas y el trato al hacer el check-in fue puramente transaccional, sin una sonrisa ni una bienvenida. El hotel está bien, pero el factor humano brilla por su ausencia.",Negativo
"Demasiada espera para todo. El desayuno es correcto, pero tuvimos que esperar 20 minutos por una mesa y otros 15 por el café. El personal parece estar sobrepasado de trabajo y no llega a atender a todos.",Negativo
"Limpieza superficial. Al llegar encontramos polvo en los muebles y restos de basura de los anteriores huéspedes debajo de la cama. Avisamos a recepción, pero solo se limitaron a pedir disculpas sin ofrecer una solución real.",Negativo
"Caro para lo que ofrece. El hotel no es malo, pero te cobran por absolutamente todo: el WiFi es lento a menos que pagues el 'premium' y el agua de cortesía solo la ponen el primer día. Hay opciones mejores por este precio.",Negativo
"Desayuno decepcionante. Nos alojamos aquí principalmente por las fotos del buffet de desayuno. Sin embargo, la variedad era mínima y muchos productos no se reponían. Una experiencia bastante mediocre.",Negativo
"Zona ruidosa y difícil acceso. El hotel por dentro está bien, pero está rodeado de obras y bares ruidosos. Además, es imposible aparcar cerca y el parking del hotel es carísimo. No volvería por la ubicación.",Negativo
Falta de mantenimiento básico. El ascensor no funcionó durante dos días de nuestra estancia y estábamos en el cuarto piso. Nadie nos ofreció ayuda con el equipaje ni compensación alguna. Se nota falta de gestión.,Negativo
"El hotel está bien para un viaje de negocios rápido donde solo vas a dormir, pero no tiene nada especial. La decoración es muy genérica y el ambiente en el lobby es algo sombrío. No es un lugar en el que te apetezca pasar tiempo.",Negativo
"Problemas con los servicios básicos. Tuvimos problemas con el agua caliente durante dos de las tres noches que estuvimos. Aunque el personal fue amable, la solución tardó demasiado y darnos una ducha fría por la mañana no es lo que esperas de un hotel de esta categoría.",Negativo
"WiFi prácticamente inexistente. Si necesitas trabajar, busca otro sitio. La conexión en las habitaciones se cortaba constantemente y solo funcionaba más o menos bien en la recepción. Hoy en día, un WiFi estable no debería ser un lujo, sino un estándar.",Negativo
"Mucha rotación y poco control. El hotel se siente un poco caótico. Había mucha gente en las zonas comunes, el gimnasio tenía máquinas fuera de servicio y las toallas de la piscina siempre estaban agotadas. Falta supervisión y orden por parte de la gerencia.",Negativo
"Ubicación buena, pero habitación incómoda. Lo mejor es que está cerca de todo, pero la habitación era minúscula. Apenas había espacio para abrir la maleta y la cama era demasiado blanda, acabé con dolor de espalda. Bien para una noche, pero no para una estancia larga.",Negativo
"Detalles que empañan la estancia. El hotel es visualmente bonito, pero hay detalles que fallan. Solo dejaron una toalla para dos personas y el dispensador de jabón estaba vacío. Son pequeñas cosas que demuestran falta de atención al detalle por parte del personal de limpieza.",Negativo
"Poca flexibilidad con el cliente. Llegamos solo 30 minutos antes de la hora del check-in y, aunque la habitación estaba lista, nos querían cobrar un suplemento por entrar. Entiendo las reglas, pero la falta de cortesía y flexibilidad nos dejó un mal sabor de boca desde el inicio.",Negativo
"Buffet muy limitado. El desayuno está incluido, pero la variedad es muy pobre. Todos los días lo mismo: pan frío, fruta que no parece fresca y café de máquina de baja calidad. Si no está incluido en tu reserva, no vale la pena pagarlo aparte.",Negativo
"Climatización deficiente. Hacía mucho calor en la habitación y el sistema centralizado no permitía bajar la temperatura. Tuvimos que dormir con la ventana abierta, pero el ruido de la calle no nos dejó descansar. Fue una noche bastante incómoda.",Negativo
"Instalaciones que necesitan una vuelta. El hotel se ve cansado. Los ascensores son lentos y hacen ruidos extraños, y el mobiliario de la habitación tiene esquinas desconchadas. No está mal, pero se nota que ha pasado mucho tiempo desde la última renovación.",Negativo
Impecable. Podrías comer en el suelo de la habitación. Se nota que el equipo de limpieza se toma su trabajo como una cuestión de orgullo personal.,Positivo
"A primera vista parece limpio, pero si miras debajo de las mesitas o en las esquinas del baño, el polvo acumulado delata que la limpieza es bastante superficial y apresurada.",Negativo
Me encantó el detalle de encontrarme un calcetín del huésped anterior debajo de la cama. Es reconfortante saber que no soy el único que aprecia este nivel de 'arqueología hotelera'.,Negativo
"WiFi de alta velocidad estable en todo el edificio. Pude hacer videoconferencias sin un solo corte, algo que hoy en día es un lujo real.",Positivo
"El WiFi solo funciona si te quedas cerca de la puerta de entrada de la habitación. En la cama la señal desaparece. Es funcional, pero frustrante si planeas trabajar.",Negativo
"La conexión a internet es perfecta si lo que buscas es una desintoxicación digital forzada. Para cargar un correo electrónico tuve tiempo de ir a recepción, quejarme y volver.",Negativo
"Ubicación inmejorable. Estás a un paso de los principales monumentos, pero en una calle lateral que te garantiza un silencio absoluto por la noche.",Positivo
"Está bien situado para hacer turismo, pero el barrio se siente un poco descuidado por la noche. Hay mucho ruido de tráfico y el acceso con maletas es complicado por las cuestas.",Negativo
"Si te gusta el sonido ambiente de una discoteca a las 4 de la mañana y las peleas de gatos en el callejón, este es tu hotel. La 'vibrante vida nocturna' que prometían es, en realidad, un concierto de bocinas.",Negativo
"El baño es un spa privado. Ducha de lluvia con presión perfecta, toallas de algodón egipcio y productos de aseo de marca premium que huelen de maravilla.",Positivo
"El baño es minúsculo. Apenas tienes espacio para dejar el neceser y las toallas son tan finas que raspan un poco. Cumple su función, pero sin ninguna comodidad.",Negativo
"La ducha tiene un diseño tan vanguardista que logré inundar todo el baño en tres minutos. Además, el gel de ducha 'revitalizante' olía sospechosamente a lavavajillas de limón.",Negativo
"Cierre de estancia perfecto. Proceso rápido, factura clara y nos permitieron dejar las maletas todo el día sin coste adicional. Volveremos sin duda.",Positivo
"El check-out fue algo seco. Pagas, te dan el recibo y apenas te miran. Una despedida un poco fría después de haber pasado una semana entera alojados allí.",Negativo
"Al irme, el recepcionista me preguntó si todo había estado bien mientras miraba fijamente su pantalla. Le dije que la habitación estaba embrujada y me respondió: 'Perfecto, que tenga un buen viaje'. Una escucha activa ejemplar.",Negativo
Impecable. Podrías comer en el suelo de la habitación. Se nota que el equipo de limpieza se toma su trabajo como una cuestión de orgullo personal.,Positivo
"A primera vista parece limpio, pero si miras debajo de las mesitas o en las esquinas del baño, el polvo acumulado delata que la limpieza es bastante superficial y apresurada.",Negativo
Me encantó el detalle de encontrarme un calcetín del huésped anterior debajo de la cama. Es reconfortante saber que no soy el único que aprecia este nivel de 'arqueología hotelera'.,Negativo
"WiFi de alta velocidad estable en todo el edificio. Pude hacer videoconferencias sin un solo corte, algo que hoy en día es un lujo real.",Positivo
"El WiFi solo funciona si te quedas cerca de la puerta de entrada de la habitación. En la cama la señal desaparece. Es funcional, pero frustrante si planeas trabajar.",Negativo
"La conexión a internet es perfecta si lo que buscas es una desintoxicación digital forzada. Para cargar un correo electrónico tuve tiempo de ir a recepción, quejarme y volver.",Negativo
"Ubicación inmejorable. Estás a un paso de los principales monumentos, pero en una calle lateral que te garantiza un silencio absoluto por la noche.",Positivo
"Está bien situado para hacer turismo, pero el barrio se siente un poco descuidado por la noche. Hay mucho ruido de tráfico y el acceso con maletas es complicado por las cuestas.",Negativo
"Si te gusta el sonido ambiente de una discoteca a las 4 de la mañana y las peleas de gatos en el callejón, este es tu hotel. La 'vibrante vida nocturna' que prometían es, en realidad, un concierto de bocinas.",Negativo
"El baño es un spa privado. Ducha de lluvia con presión perfecta, toallas de algodón egipcio y productos de aseo de marca premium que huelen de maravilla.",Positivo
"El baño es minúsculo. Apenas tienes espacio para dejar el neceser y las toallas son tan finas que raspan un poco. Cumple su función, pero sin ninguna comodidad.",Negativo
"La ducha tiene un diseño tan vanguardista que logré inundar todo el baño en tres minutos. Además, el gel de ducha 'revitalizante' olía sospechosamente a lavavajillas de limón.",Negativo
"Cierre de estancia perfecto. Proceso rápido, factura clara y nos permitieron dejar las maletas todo el día sin coste adicional. Volveremos sin duda.",Positivo
"El check-out fue algo seco. Pagas, te dan el recibo y apenas te miran. Una despedida un poco fría después de haber pasado una semana entera alojados allí.",Negativo
"Al irme, el recepcionista me preguntó si todo había estado bien mientras miraba fijamente su pantalla. Le dije que la habitación estaba embrujada y me respondió: 'Perfecto, que tenga un buen viaje'. Una escucha activa ejemplar.",Negativo
Impecable. Podrías comer en el suelo de la habitación. Se nota que el equipo de limpieza se toma su trabajo como una cuestión de orgullo personal.,Positivo
"A primera vista parece limpio, pero si miras debajo de las mesitas o en las esquinas del baño, el polvo acumulado delata que la limpieza es bastante superficial y apresurada.",Negativo
Me encantó el detalle de encontrarme un calcetín del huésped anterior debajo de la cama. Es reconfortante saber que no soy el único que aprecia este nivel de 'arqueología hotelera'.,Negativo
"WiFi de alta velocidad estable en todo el edificio. Pude hacer videoconferencias sin un solo corte, algo que hoy en día es un lujo real.",Positivo
"El WiFi solo funciona si te quedas cerca de la puerta de entrada de la habitación. En la cama la señal desaparece. Es funcional, pero frustrante si planeas trabajar.",Negativo
"La conexión a internet es perfecta si lo que buscas es una desintoxicación digital forzada. Para cargar un correo electrónico tuve tiempo de ir a recepción, quejarme y volver.",Negativo
"Ubicación inmejorable. Estás a un paso de los principales monumentos, pero en una calle lateral que te garantiza un silencio absoluto por la noche.",Positivo
"Está bien situado para hacer turismo, pero el barrio se siente un poco descuidado por la noche. Hay mucho ruido de tráfico y el acceso con maletas es complicado por las cuestas.",Negativo
"Si te gusta el sonido ambiente de una discoteca a las 4 de la mañana y las peleas de gatos en el callejón, este es tu hotel. La 'vibrante vida nocturna' que prometían es, en realidad, un concierto de bocinas.",Negativo
"El baño es un spa privado. Ducha de lluvia con presión perfecta, toallas de algodón egipcio y productos de aseo de marca premium que huelen de maravilla.",Positivo
"El baño es minúsculo. Apenas tienes espacio para dejar el neceser y las toallas son tan finas que raspan un poco. Cumple su función, pero sin ninguna comodidad.",Negativo
"La ducha tiene un diseño tan vanguardista que logré inundar todo el baño en tres minutos. Además, el gel de ducha 'revitalizante' olía sospechosamente a lavavajillas de limón.",Negativo
"Cierre de estancia perfecto. Proceso rápido, factura clara y nos permitieron dejar las maletas todo el día sin coste adicional. Volveremos sin duda.",Positivo
"El check-out fue algo seco. Pagas, te dan el recibo y apenas te miran. Una despedida un poco fría después de haber pasado una semana entera alojados allí.",Negativo
"Al irme, el recepcionista me preguntó si todo había estado bien mientras miraba fijamente su pantalla. Le dije que la habitación estaba embrujada y me respondió: 'Perfecto, que tenga un buen viaje'. Una escucha activa ejemplar.",Negativo
Impecable. Podrías comer en el suelo de la habitación. Se nota que el equipo de limpieza se toma su trabajo como una cuestión de orgullo personal.,Positivo
"A primera vista parece limpio, pero si miras debajo de las mesitas o en las esquinas del baño, el polvo acumulado delata que la limpieza es bastante superficial y apresurada.",Negativo
Me encantó el detalle de encontrarme un calcetín del huésped anterior debajo de la cama. Es reconfortante saber que no soy el único que aprecia este nivel de 'arqueología hotelera'.,Negativo
"WiFi de alta velocidad estable en todo el edificio. Pude hacer videoconferencias sin un solo corte, algo que hoy en día es un lujo real.",Positivo
"El WiFi solo funciona si te quedas cerca de la puerta de entrada de la habitación. En la cama la señal desaparece. Es funcional, pero frustrante si planeas trabajar.",Negativo
"La conexión a internet es perfecta si lo que buscas es una desintoxicación digital forzada. Para cargar un correo electrónico tuve tiempo de ir a recepción, quejarme y volver.",Negativo
"Ubicación inmejorable. Estás a un paso de los principales monumentos, pero en una calle lateral que te garantiza un silencio absoluto por la noche.",Positivo
"Está bien situado para hacer turismo, pero el barrio se siente un poco descuidado por la noche. Hay mucho ruido de tráfico y el acceso con maletas es complicado por las cuestas.",Negativo
"Si te gusta el sonido ambiente de una discoteca a las 4 de la mañana y las peleas de gatos en el callejón, este es tu hotel. La 'vibrante vida nocturna' que prometían es, en realidad, un concierto de bocinas.",Negativo
"El baño es un spa privado. Ducha de lluvia con presión perfecta, toallas de algodón egipcio y productos de aseo de marca premium que huelen de maravilla.",Positivo
"El baño es minúsculo. Apenas tienes espacio para dejar el neceser y las toallas son tan finas que raspan un poco. Cumple su función, pero sin ninguna comodidad.",Negativo
"La ducha tiene un diseño tan vanguardista que logré inundar todo el baño en tres minutos. Además, el gel de ducha 'revitalizante' olía sospechosamente a lavavajillas de limón.",Negativo
"Cierre de estancia perfecto. Proceso rápido, factura clara y nos permitieron dejar las maletas todo el día sin coste adicional. Volveremos sin duda.",Positivo
"El check-out fue algo seco. Pagas, te dan el recibo y apenas te miran. Una despedida un poco fría después de haber pasado una semana entera alojados allí.",Negativo
"Al irme, el recepcionista me preguntó si todo había estado bien mientras miraba fijamente su pantalla. Le dije que la habitación estaba embrujada y me respondió: 'Perfecto, que tenga un buen viaje'. Una escucha activa ejemplar.",Negativo
Impecable. Podrías comer en el suelo de la habitación. Se nota que el equipo de limpieza se toma su trabajo como una cuestión de orgullo personal.,Positivo
"A primera vista parece limpio, pero si miras debajo de las mesitas o en las esquinas del baño, el polvo acumulado delata que la limpieza es bastante superficial y apresurada.",Negativo
Me encantó el detalle de encontrarme un calcetín del huésped anterior debajo de la cama. Es reconfortante saber que no soy el único que aprecia este nivel de 'arqueología hotelera'.,Negativo
"WiFi de alta velocidad estable en todo el edificio. Pude hacer videoconferencias sin un solo corte, algo que hoy en día es un lujo real.",Positivo
"El WiFi solo funciona si te quedas cerca de la puerta de entrada de la habitación. En la cama la señal desaparece. Es funcional, pero frustrante si planeas trabajar.",Negativo
"La conexión a internet es perfecta si lo que buscas es una desintoxicación digital forzada. Para cargar un correo electrónico tuve tiempo de ir a recepción, quejarme y volver.",Negativo
"Ubicación inmejorable. Estás a un paso de los principales monumentos, pero en una calle lateral que te garantiza un silencio absoluto por la noche.",Positivo
"Está bien situado para hacer turismo, pero el barrio se siente un poco descuidado por la noche. Hay mucho ruido de tráfico y el acceso con maletas es complicado por las cuestas.",Negativo
"Si te gusta el sonido ambiente de una discoteca a las 4 de la mañana y las peleas de gatos en el callejón, este es tu hotel. La 'vibrante vida nocturna' que prometían es, en realidad, un concierto de bocinas.",Negativo
"El baño es un spa privado. Ducha de lluvia con presión perfecta, toallas de algodón egipcio y productos de aseo de marca premium que huelen de maravilla.",Positivo
"El baño es minúsculo. Apenas tienes espacio para dejar el neceser y las toallas son tan finas que raspan un poco. Cumple su función, pero sin ninguna comodidad.",Negativo
"La ducha tiene un diseño tan vanguardista que logré inundar todo el baño en tres minutos. Además, el gel de ducha 'revitalizante' olía sospechosamente a lavavajillas de limón.",Negativo
"Cierre de estancia perfecto. Proceso rápido, factura clara y nos permitieron dejar las maletas todo el día sin coste adicional. Volveremos sin duda.",Positivo
"El check-out fue algo seco. Pagas, te dan el recibo y apenas te miran. Una despedida un poco fría después de haber pasado una semana entera alojados allí.",Negativo
"Al irme, el recepcionista me preguntó si todo había estado bien mientras miraba fijamente su pantalla. Le dije que la habitación estaba embrujada y me respondió: 'Perfecto, que tenga un buen viaje'. Una escucha activa ejemplar.",Negativo
Impecable. Podrías comer en el suelo de la habitación. Se nota que el equipo de limpieza se toma su trabajo como una cuestión de orgullo personal.,Positivo
"A primera vista parece limpio, pero si miras debajo de las mesitas o en las esquinas del baño, el polvo acumulado delata que la limpieza es bastante superficial y apresurada.",Negativo
Me encantó el detalle de encontrarme un calcetín del huésped anterior debajo de la cama. Es reconfortante saber que no soy el único que aprecia este nivel de 'arqueología hotelera'.,Negativo
"WiFi de alta velocidad estable en todo el edificio. Pude hacer videoconferencias sin un solo corte, algo que hoy en día es un lujo real.",Positivo
"El WiFi solo funciona si te quedas cerca de la puerta de entrada de la habitación. En la cama la señal desaparece. Es funcional, pero frustrante si planeas trabajar.",Negativo
"La conexión a internet es perfecta si lo que buscas es una desintoxicación digital forzada. Para cargar un correo electrónico tuve tiempo de ir a recepción, quejarme y volver.",Negativo
"Ubicación inmejorable. Estás a un paso de los principales monumentos, pero en una calle lateral que te garantiza un silencio absoluto por la noche.",Positivo
"Está bien situado para hacer turismo, pero el barrio se siente un poco descuidado por la noche. Hay mucho ruido de tráfico y el acceso con maletas es complicado por las cuestas.",Negativo
"Si te gusta el sonido ambiente de una discoteca a las 4 de la mañana y las peleas de gatos en el callejón, este es tu hotel. La 'vibrante vida nocturna' que prometían es, en realidad, un concierto de bocinas.",Negativo
"El baño es un spa privado. Ducha de lluvia con presión perfecta, toallas de algodón egipcio y productos de aseo de marca premium que huelen de maravilla.",Positivo
"El baño es minúsculo. Apenas tienes espacio para dejar el neceser y las toallas son tan finas que raspan un poco. Cumple su función, pero sin ninguna comodidad.",Negativo
"La ducha tiene un diseño tan vanguardista que logré inundar todo el baño en tres minutos. Además, el gel de ducha 'revitalizante' olía sospechosamente a lavavajillas de limón.",Negativo
"Cierre de estancia perfecto. Proceso rápido, factura clara y nos permitieron dejar las maletas todo el día sin coste adicional. Volveremos sin duda.",Positivo
"El check-out fue algo seco. Pagas, te dan el recibo y apenas te miran. Una despedida un poco fría después de haber pasado una semana entera alojados allí.",Negativo
"Al irme, el recepcionista me preguntó si todo había estado bien mientras miraba fijamente su pantalla. Le dije que la habitación estaba embrujada y me respondió: 'Perfecto, que tenga un buen viaje'. Una escucha activa ejemplar.",Negativo
Impecable. Podrías comer en el suelo de la habitación. Se nota que el equipo de limpieza se toma su trabajo como una cuestión de orgullo personal.,Positivo
"A primera vista parece limpio, pero si miras debajo de las mesitas o en las esquinas del baño, el polvo acumulado delata que la limpieza es bastante superficial y apresurada.",Negativo
Me encantó el detalle de encontrarme un calcetín del huésped anterior debajo de la cama. Es reconfortante saber que no soy el único que aprecia este nivel de 'arqueología hotelera'.,Negativo
"WiFi de alta velocidad estable en todo el edificio. Pude hacer videoconferencias sin un solo corte, algo que hoy en día es un lujo real.",Positivo
"El WiFi solo funciona si te quedas cerca de la puerta de entrada de la habitación. En la cama la señal desaparece. Es funcional, pero frustrante si planeas trabajar.",Negativo
"La conexión a internet es perfecta si lo que buscas es una desintoxicación digital forzada. Para cargar un correo electrónico tuve tiempo de ir a recepción, quejarme y volver.",Negativo
"Ubicación inmejorable. Estás a un paso de los principales monumentos, pero en una calle lateral que te garantiza un silencio absoluto por la noche.",Positivo
"Está bien situado para hacer turismo, pero el barrio se siente un poco descuidado por la noche. Hay mucho ruido de tráfico y el acceso con maletas es complicado por las cuestas.",Negativo
"Si te gusta el sonido ambiente de una discoteca a las 4 de la mañana y las peleas de gatos en el callejón, este es tu hotel. La 'vibrante vida nocturna' que prometían es, en realidad, un concierto de bocinas.",Negativo
"El baño es un spa privado. Ducha de lluvia con presión perfecta, toallas de algodón egipcio y productos de aseo de marca premium que huelen de maravilla.",Positivo
"El baño es minúsculo. Apenas tienes espacio para dejar el neceser y las toallas son tan finas que raspan un poco. Cumple su función, pero sin ninguna comodidad.",Negativo
"La ducha tiene un diseño tan vanguardista que logré inundar todo el baño en tres minutos. Además, el gel de ducha 'revitalizante' olía sospechosamente a lavavajillas de limón.",Negativo
"Cierre de estancia perfecto. Proceso rápido, factura clara y nos permitieron dejar las maletas todo el día sin coste adicional. Volveremos sin duda.",Positivo
"El check-out fue algo seco. Pagas, te dan el recibo y apenas te miran. Una despedida un poco fría después de haber pasado una semana entera alojados allí.",Negativo
"Al irme, el recepcionista me preguntó si todo había estado bien mientras miraba fijamente su pantalla. Le dije que la habitación estaba embrujada y me respondió: 'Perfecto, que tenga un buen viaje'. Una escucha activa ejemplar.",Negativo
Impecable. Podrías comer en el suelo de la habitación. Se nota que el equipo de limpieza se toma su trabajo como una cuestión de orgullo personal.,Positivo
"A primera vista parece limpio, pero si miras debajo de las mesitas o en las esquinas del baño, el polvo acumulado delata que la limpieza es bastante superficial y apresurada.",Negativo
Me encantó el detalle de encontrarme un calcetín del huésped anterior debajo de la cama. Es reconfortante saber que no soy el único que aprecia este nivel de 'arqueología hotelera'.,Negativo
"WiFi de alta velocidad estable en todo el edificio. Pude hacer videoconferencias sin un solo corte, algo que hoy en día es un lujo real.",Positivo
"El WiFi solo funciona si te quedas cerca de la puerta de entrada de la habitación. En la cama la señal desaparece. Es funcional, pero frustrante si planeas trabajar.",Negativo
"La conexión a internet es perfecta si lo que buscas es una desintoxicación digital forzada. Para cargar un correo electrónico tuve tiempo de ir a recepción, quejarme y volver.",Negativo
"Ubicación inmejorable. Estás a un paso de los principales monumentos, pero en una calle lateral que te garantiza un silencio absoluto por la noche.",Positivo
"Está bien situado para hacer turismo, pero el barrio se siente un poco descuidado por la noche. Hay mucho ruido de tráfico y el acceso con maletas es complicado por las cuestas.",Negativo
"Si te gusta el sonido ambiente de una discoteca a las 4 de la mañana y las peleas de gatos en el callejón, este es tu hotel. La 'vibrante vida nocturna' que prometían es, en realidad, un concierto de bocinas.",Negativo
"El baño es un spa privado. Ducha de lluvia con presión perfecta, toallas de algodón egipcio y productos de aseo de marca premium que huelen de maravilla.",Positivo
"El baño es minúsculo. Apenas tienes espacio para dejar el neceser y las toallas son tan finas que raspan un poco. Cumple su función, pero sin ninguna comodidad.",Negativo
"La ducha tiene un diseño tan vanguardista que logré inundar todo el baño en tres minutos. Además, el gel de ducha 'revitalizante' olía sospechosamente a lavavajillas de limón.",Negativo
"Cierre de estancia perfecto. Proceso rápido, factura clara y nos permitieron dejar las maletas todo el día sin coste adicional. Volveremos sin duda.",Positivo
"El check-out fue algo seco. Pagas, te dan el recibo y apenas te miran. Una despedida un poco fría después de haber pasado una semana entera alojados allí.",Negativo
"Al irme, el recepcionista me preguntó si todo había estado bien mientras miraba fijamente su pantalla. Le dije que la habitación estaba embrujada y me respondió: 'Perfecto, que tenga un buen viaje'. Una escucha activa ejemplar.",Negativo
Impecable. Podrías comer en el suelo de la habitación. Se nota que el equipo de limpieza se toma su trabajo como una cuestión de orgullo personal.,Positivo
"A primera vista parece limpio, pero si miras debajo de las mesitas o en las esquinas del baño, el polvo acumulado delata que la limpieza es bastante superficial y apresurada.",Negativo
Me encantó el detalle de encontrarme un calcetín del huésped anterior debajo de la cama. Es reconfortante saber que no soy el único que aprecia este nivel de 'arqueología hotelera'.,Negativo
"WiFi de alta velocidad estable en todo el edificio. Pude hacer videoconferencias sin un solo corte, algo que hoy en día es un lujo real.",Positivo
"El WiFi solo funciona si te quedas cerca de la puerta de entrada de la habitación. En la cama la señal desaparece. Es funcional, pero frustrante si planeas trabajar.",Negativo
"La conexión a internet es perfecta si lo que buscas es una desintoxicación digital forzada. Para cargar un correo electrónico tuve tiempo de ir a recepción, quejarme y volver.",Negativo
"Ubicación inmejorable. Estás a un paso de los principales monumentos, pero en una calle lateral que te garantiza un silencio absoluto por la noche.",Positivo
"Está bien situado para hacer turismo, pero el barrio se siente un poco descuidado por la noche. Hay mucho ruido de tráfico y el acceso con maletas es complicado por las cuestas.",Negativo
"Si te gusta el sonido ambiente de una discoteca a las 4 de la mañana y las peleas de gatos en el callejón, este es tu hotel. La 'vibrante vida nocturna' que prometían es, en realidad, un concierto de bocinas.",Negativo
"El baño es un spa privado. Ducha de lluvia con presión perfecta, toallas de algodón egipcio y productos de aseo de marca premium que huelen de maravilla.",Positivo
"El baño es minúsculo. Apenas tienes espacio para dejar el neceser y las toallas son tan finas que raspan un poco. Cumple su función, pero sin ninguna comodidad.",Negativo
"La ducha tiene un diseño tan vanguardista que logré inundar todo el baño en tres minutos. Además, el gel de ducha 'revitalizante' olía sospechosamente a lavavajillas de limón.",Negativo
"Cierre de estancia perfecto. Proceso rápido, factura clara y nos permitieron dejar las maletas todo el día sin coste adicional. Volveremos sin duda.",Positivo
"El check-out fue algo seco. Pagas, te dan el recibo y apenas te miran. Una despedida un poco fría después de haber pasado una semana entera alojados allí.",Negativo
"Al irme, el recepcionista me preguntó si todo había estado bien mientras miraba fijamente su pantalla. Le dije que la habitación estaba embrujada y me respondió: 'Perfecto, que tenga un buen viaje'. Una escucha activa ejemplar.",Negativo
Impecable. Podrías comer en el suelo de la habitación. Se nota que el equipo de limpieza se toma su trabajo como una cuestión de orgullo personal.,Positivo
"A primera vista parece limpio, pero si miras debajo de las mesitas o en las esquinas del baño, el polvo acumulado delata que la limpieza es bastante superficial y apresurada.",Negativo
Me encantó el detalle de encontrarme un calcetín del huésped anterior debajo de la cama. Es reconfortante saber que no soy el único que aprecia este nivel de 'arqueología hotelera'.,Negativo
"WiFi de alta velocidad estable en todo el edificio. Pude hacer videoconferencias sin un solo corte, algo que hoy en día es un lujo real.",Positivo
"El WiFi solo funciona si te quedas cerca de la puerta de entrada de la habitación. En la cama la señal desaparece. Es funcional, pero frustrante si planeas trabajar.",Negativo
"La conexión a internet es perfecta si lo que buscas es una desintoxicación digital forzada. Para cargar un correo electrónico tuve tiempo de ir a recepción, quejarme y volver.",Negativo
"Ubicación inmejorable. Estás a un paso de los principales monumentos, pero en una calle lateral que te garantiza un silencio absoluto por la noche.",Positivo
"Está bien situado para hacer turismo, pero el barrio se siente un poco descuidado por la noche. Hay mucho ruido de tráfico y el acceso con maletas es complicado por las cuestas.",Negativo
"Si te gusta el sonido ambiente de una discoteca a las 4 de la mañana y las peleas de gatos en el callejón, este es tu hotel. La 'vibrante vida nocturna' que prometían es, en realidad, un concierto de bocinas.",Negativo
"El baño es un spa privado. Ducha de lluvia con presión perfecta, toallas de algodón egipcio y productos de aseo de marca premium que huelen de maravilla.",Positivo
"El baño es minúsculo. Apenas tienes espacio para dejar el neceser y las toallas son tan finas que raspan un poco. Cumple su función, pero sin ninguna comodidad.",Negativo
"La ducha tiene un diseño tan vanguardista que logré inundar todo el baño en tres minutos. Además, el gel de ducha 'revitalizante' olía sospechosamente a lavavajillas de limón.",Negativo
"Cierre de estancia perfecto. Proceso rápido, factura clara y nos permitieron dejar las maletas todo el día sin coste adicional. Volveremos sin duda.",Positivo
"El check-out fue algo seco. Pagas, te dan el recibo y apenas te miran. Una despedida un poco fría después de haber pasado una semana entera alojados allí.",Negativo
"Al irme, el recepcionista me preguntó si todo había estado bien mientras miraba fijamente su pantalla. Le dije que la habitación estaba embrujada y me respondió: 'Perfecto, que tenga un buen viaje'. Una escucha activa ejemplar.",Negativo
